artist_name,first_quarter,first_usd,last_quarter,last_usd,total_usd,quarters_with_revenue,cagr_pct,classification
Burna Boy,Q1_2019,186236.61,Q2_2026,3036780.74,42960525.69,31,46.97,OBS
Rema,Q1_2019,13047.63,Q2_2026,2022343.04,37196147.9,31,100.5,OBS
Tems,Q1_2019,0.0,Q2_2026,2542924.08,25547585.53,30,,UNK
Wizkid,Q1_2019,228235.62,Q2_2026,1287564.19,24381708.74,31,26.95,OBS
CKay,Q1_2019,85.17,Q2_2026,787978.34,22213149.57,31,252.42,OBS
Ayra Starr,Q1_2019,0.0,Q2_2026,1382238.77,21212971.67,23,,UNK
Davido,Q1_2019,0.0,Q2_2026,988820.34,18832180.03,30,,UNK
Omah Lay,Q1_2019,0.0,Q2_2026,1079009.1,15352902.44,28,,UNK
Fireboy DML,Q1_2019,5183.26,Q2_2026,699292.23,14554700.57,31,96.7,OBS
Kizz Daniel,Q1_2019,13198.41,Q2_2026,447818.47,10816064.96,31,62.6,OBS
Asake,Q1_2019,0.0,Q2_2026,947262.58,10729833.23,29,,UNK
Libianca,Q1_2019,0.0,Q2_2026,437255.96,10347004.44,29,,UNK
Mr Eazi,Q1_2019,197878.99,Q2_2026,280354.33,10114272.21,31,4.92,OBS
Amaarae,Q1_2019,2294.33,Q2_2026,367371.14,8484168.19,31,101.4,OBS
Victony,Q1_2019,0.0,Q2_2026,460075.44,7410299.57,29,,UNK
Flavour,Q1_2019,170422.86,Q2_2026,276574.7,7216616.46,31,6.91,OBS
Oxlade,Q1_2019,308.82,Q2_2026,331953.81,6823995.89,31,161.89,OBS
Ruger,Q1_2019,0.0,Q2_2026,510451.71,6746466.3,24,,UNK
Olamide,Q1_2019,37947.71,Q2_2026,367389.92,6528915.81,31,36.77,OBS
BNXN,Q1_2019,0.0,Q2_2026,453303.98,6424843.63,30,,UNK
Joeboy,Q1_2019,2371.93,Q2_2026,368019.87,6321973.44,31,100.53,OBS
Tiwa Savage,Q1_2019,38197.68,Q2_2026,234075.1,5779856.56,31,28.41,OBS
Darkoo,Q1_2019,0.0,Q2_2026,216785.36,5778059.73,30,,UNK
Lojay,Q1_2019,0.0,Q2_2026,324983.97,5473960.12,30,,UNK
Tekno,Q1_2019,31074.35,Q2_2026,230676.89,5279335.24,31,31.85,OBS
P-Square,Q1_2019,56449.23,Q2_2026,379467.96,4919045.49,31,30.06,OBS
Patoranking,Q1_2019,62388.81,Q2_2026,209714.46,4453253.37,31,18.2,OBS
Sarz,Q1_2019,7064.21,Q2_2026,354620.42,4414442.96,31,71.62,OBS
Adekunle Gold,Q1_2019,8128.67,Q2_2026,264709.98,4165320.28,31,61.68,OBS
Yemi Alade,Q1_2019,52869.84,Q2_2026,131504.36,4162272.23,31,13.39,OBS
Pheelz,Q1_2019,0.0,Q2_2026,172459.18,3833710.35,30,,UNK
Shallipopi,Q1_2019,0.0,Q2_2026,339446.26,3640825.04,16,,UNK
Young Jonn,Q1_2019,0.0,Q2_2026,329129.97,3485209.79,30,,UNK
Chike,Q1_2019,0.0,Q2_2026,216702.9,3384166.51,30,,UNK
Maleek Berry,Q1_2019,101216.45,Q2_2026,78868.97,3327631.87,31,-3.38,OBS
Wande Coal,Q1_2019,24051.55,Q2_2026,186639.68,3178110.88,31,32.66,OBS
ODUMODUBLVCK,Q1_2019,0.0,Q2_2026,310797.54,3161788.41,29,,UNK
Naira Marley,Q1_2019,6455.26,Q2_2026,157650.13,3049494.19,31,55.39,OBS
Timaya,Q1_2019,71174.42,Q2_2026,109171.56,3018136.96,31,6.08,OBS
Seyi Vibez,Q1_2019,0.0,Q2_2026,198428.15,2763054.1,29,,UNK
Tempoe,Q1_2019,0.0,Q2_2026,215903.39,2760230.11,17,,UNK
Teni,Q1_2019,12756.51,Q2_2026,122036.36,2472020.95,31,36.55,OBS
Bella Shmurda,Q1_2019,43.68,Q2_2026,194467.17,2402569.34,31,218.6,OBS
Khaid,Q1_2019,0.0,Q2_2026,248105.42,2331977.97,19,,UNK
Mayorkun,Q1_2019,12473.45,Q2_2026,97782.52,2263306.38,31,32.85,OBS
Spyro,Q1_2019,0.0,Q2_2026,125916.62,2232607.09,30,,UNK
Crayon,Q1_2019,0.0,Q2_2026,133398.27,2221868.05,29,,UNK
Simi,Q1_2019,5328.19,Q2_2026,117358.62,2181993.44,31,53.19,OBS
Iyanya,Q1_2019,38042.72,Q2_2026,87229.87,2124191.42,31,12.13,OBS
Bayanni,Q1_2019,0.0,Q2_2026,203561.07,2123841.93,17,,UNK
Zinoleesky,Q1_2019,0.0,Q2_2026,171589.35,2105596.52,29,,UNK
Reekado Banks,Q1_2019,24212.76,Q2_2026,84591.58,1985119.62,31,18.83,OBS
Zlatan,Q1_2019,11037.7,Q2_2026,169994.38,1921433.21,31,45.81,OBS
Phyno,Q1_2019,21161.81,Q2_2026,136765.06,1893076.44,31,29.35,OBS
Blaqbonez,Q1_2019,520.09,Q2_2026,205774.52,1815324.43,31,128.17,OBS
Qing Madi,Q1_2019,0.0,Q2_2026,161459.17,1706616.12,16,,UNK
Olakira,Q1_2019,430.13,Q2_2026,53155.51,1703342.17,31,94.33,OBS
Ric Hassani,Q1_2019,5717.5,Q2_2026,69357.25,1682344.38,31,41.09,OBS
Magixx,Q1_2019,0.07,Q2_2026,164486.45,1640887.28,31,656.42,OBS
Skiibii,Q1_2019,10916.82,Q2_2026,82301.45,1601003.86,31,32.13,OBS
Korede Bello,Q1_2019,27806.08,Q2_2026,48558.85,1571391.77,31,7.99,OBS
Johnny Drille,Q1_2019,5697.08,Q2_2026,199221.33,1535144.65,31,63.28,OBS
Mohbad,Q1_2019,0.0,Q2_2026,93931.03,1527362.74,30,,UNK
Falz,Q1_2019,39738.73,Q2_2026,57851.22,1488874.05,31,5.32,OBS
Ice Prince,Q1_2019,25191.5,Q2_2026,87422.21,1414035.25,31,18.72,OBS
DJ Neptune,Q1_2019,11366.37,Q2_2026,73981.37,1409442.47,31,29.48,OBS
2Baba,Q1_2019,29745.08,Q2_2026,68524.09,1358334.55,31,12.2,OBS
Boj,Q1_2019,7872.27,Q2_2026,61546.13,1330805.61,31,32.8,OBS
LADIPOE,Q1_2019,1997.4,Q2_2026,95259.66,1216792.23,31,70.42,OBS
Bracket,Q1_2019,5260.69,Q2_2026,42035.59,1137291.52,31,33.2,OBS
Fela Kuti,Q1_2019,21734.32,Q2_2026,32891.97,1117489.88,31,5.88,OBS
Ycee,Q1_2019,17185.15,Q2_2026,40120.6,1109651.39,31,12.41,OBS
Nonso Amadi,Q1_2019,13207.45,Q2_2026,37448.05,1007699.69,31,15.46,OBS
Banky W.,Q1_2019,35815.65,Q2_2026,28480.24,1006403.41,31,-3.11,OBS
Lil Kesh,Q1_2019,4792.05,Q2_2026,83473.95,1005015.26,31,48.31,OBS
Tay Iwar,Q1_2019,0.0,Q2_2026,46325.16,962515.16,30,,UNK
Aṣa,Q1_2019,16119.6,Q2_2026,35865.73,935501.5,31,11.66,OBS
Cruel Santino,Q1_2019,0.0,Q2_2026,46224.15,909918.32,30,,UNK
D'banj,Q1_2019,16161.24,Q2_2026,50741.15,906627.44,31,17.09,OBS
Niniola,Q1_2019,18197.22,Q2_2026,23369.17,900571.7,31,3.51,OBS
Boy Spyce,Q1_2019,0.0,Q2_2026,87773.06,871292.89,20,,UNK
WurlD,Q1_2019,4537.9,Q2_2026,65517.75,798805.01,31,44.52,OBS
Bloody Civilian,Q1_2019,0.0,Q2_2026,61182.36,731170.11,17,,UNK
Bad Boy Timz,Q1_2019,0.0,Q2_2026,37041.25,657071.93,29,,UNK
Odunsi (The Engine),Q1_2019,10381.4,Q2_2026,17025.74,604469.79,31,7.06,OBS
Show Dem Camp,Q1_2019,4079.36,Q2_2026,43272.0,600116.88,31,38.5,OBS
Peruzzi,Q1_2019,4214.12,Q2_2026,37735.06,587945.99,31,35.31,OBS
Vector,Q1_2019,690.85,Q2_2026,52093.02,582966.07,31,81.53,OBS
Reminisce,Q1_2019,3755.41,Q2_2026,33655.42,535955.65,31,35.32,OBS
Mannywellz,Q1_2019,676.86,Q2_2026,43524.05,502372.93,31,77.59,OBS
Ajebutter22,Q1_2019,9381.68,Q2_2026,11533.35,498638.04,31,2.89,OBS
Rude Boy,Q1_2019,0.0,Q2_2026,18686.44,466105.35,29,,UNK
Praiz,Q1_2019,3630.5,Q2_2026,18314.0,425474.96,31,25.01,OBS
9ice,Q1_2019,4576.79,Q2_2026,31432.47,420585.21,31,30.44,OBS
Seyi Shay,Q1_2019,12339.17,Q2_2026,13120.63,417153.75,31,0.85,OBS
Duncan Mighty,Q1_2019,3380.12,Q2_2026,40098.23,414204.4,31,40.66,OBS
Brymo,Q1_2019,5335.18,Q2_2026,26516.5,389248.18,31,24.75,OBS
M.I. Abaga,Q1_2019,2988.54,Q2_2026,18970.97,371057.65,31,29.04,OBS
Terri,Q1_2019,0.0,Q2_2026,9277.64,310665.23,30,,UNK
Sean Tizzle,Q1_2019,4425.78,Q2_2026,16960.91,295198.4,31,20.36,OBS
Lyta,Q1_2019,208.6,Q2_2026,34503.01,294222.45,31,102.3,OBS
Dice Ailes,Q1_2019,2138.23,Q2_2026,15522.25,286862.95,31,31.45,OBS
Solidstar,Q1_2019,8082.05,Q2_2026,9322.45,249395.6,31,1.99,OBS
Lady Donli,Q1_2019,1887.84,Q2_2026,8841.59,240796.29,31,23.73,OBS
DJ Spinall,Q1_2019,0.0,Q2_2026,0.11,239500.8,30,,UNK
HarrySong,Q1_2019,2730.95,Q2_2026,9687.07,232600.68,31,19.08,OBS
Terry Apala,Q1_2019,899.44,Q2_2026,42004.59,228901.74,31,69.92,OBS
Dremo,Q1_2019,2892.97,Q2_2026,18870.39,217986.17,31,29.52,OBS
Darey,Q1_2019,4072.93,Q2_2026,9454.43,183193.22,31,12.32,OBS
CDQ,Q1_2019,1714.38,Q2_2026,20181.94,174555.1,31,40.51,OBS
Portable,Q1_2019,0.0,Q2_2026,0.0,166960.31,5,,UNK
Prettyboy D-O,Q1_2019,741.95,Q2_2026,4800.86,160713.67,31,29.38,OBS
King Sunny Ade,Q1_2019,1407.72,Q2_2026,12317.42,152623.0,31,34.88,OBS
Illbliss,Q1_2019,312.05,Q2_2026,15860.7,147783.54,31,71.92,OBS
Mr Real,Q1_2019,0.0,Q2_2026,7304.07,125109.67,30,,UNK
Waje,Q1_2019,1537.3,Q2_2026,2787.64,116450.06,31,8.56,OBS
Naeto C,Q1_2019,2576.01,Q2_2026,8854.81,113196.23,31,18.57,OBS
Small Doctor,Q1_2019,2324.07,Q2_2026,4680.29,104709.28,31,10.14,OBS
Yung6ix,Q1_2019,810.43,Q2_2026,8090.08,94672.5,31,37.35,OBS
Olu Maintain,Q1_2019,842.6,Q2_2026,7252.59,93322.4,31,34.57,OBS
Sound Sultan,Q1_2019,1656.35,Q2_2026,5772.79,84223.43,31,18.79,OBS
Lagbaja,Q1_2019,508.99,Q2_2026,2621.68,84058.69,31,25.37,OBS
Jesse Jagz,Q1_2019,330.92,Q2_2026,4847.59,78149.47,31,44.81,OBS
Eldee,Q1_2019,343.27,Q2_2026,5502.47,53988.76,31,46.62,OBS
Dammy Krane,Q1_2019,3486.49,Q2_2026,2439.6,43741.67,31,-4.81,OBS
Sauce Kid,Q1_2019,0.0,Q2_2026,707.27,7522.13,30,,UNK
Ebenezer Obey,Q1_2019,73.34,Q2_2026,122.95,3355.25,31,7.39,OBS
Oritsefemi,Q1_2019,25.59,Q2_2026,26.11,883.57,31,0.28,OBS
DJ Cuppy,Q1_2019,0.0,Q2_2026,0.0,12.06,4,,UNK
Odunsi,Q1_2019,0.0,Q2_2026,0.31,7.99,27,,UNK
