entity_name,variable_name,obs_count,first_date,last_date,min_val,max_val,avg_val
9ice,Bandsintown_followers_daily,531,1/1/2024,11/16/2025,0,3439,2982.15065913371
9ice,Instagram_followers_daily,668,1/1/2024,12/31/2025,1216906,1394517,1312459.5494011976
9ice,Spotify_followers_daily,727,1/1/2024,12/31/2025,187102,269701,229936.3810178817
9ice,Spotify_monthly_listeners_daily,635,1/1/2024,12/31/2025,198459,375208,283142.54015748034
9ice,Wikipedia_views_daily,710,1/1/2024,12/31/2025,29,359,90.19859154929577
9ice,YouTube_subscribers_daily,724,1/1/2024,12/31/2025,2570,2600,2581.490331491713
Ajebutter22,Bandsintown_followers_daily,522,1/1/2024,11/15/2025,0,2269,1676.2088122605364
Ajebutter22,Instagram_followers_daily,227,1/5/2024,11/5/2025,66599,74653,72210.79295154185
Ajebutter22,Soundcloud_followers_daily,460,1/1/2024,12/31/2025,1907,1993,1958.2
Ajebutter22,Spotify_followers_daily,727,1/1/2024,12/31/2025,140619,162296,153335.22833562587
Ajebutter22,Spotify_monthly_listeners_daily,727,1/1/2024,12/31/2025,181418,340501,236895.492434663
Ajebutter22,YouTube_subscribers_daily,727,1/1/2024,12/31/2025,48800,50652,49948.61760660248
Amaarae,Bandsintown_followers_daily,519,1/1/2024,11/15/2025,0,51441,25776.344894026974
Amaarae,Instagram_followers_daily,668,1/1/2024,12/31/2025,738741,1064991,955612.9580838323
Amaarae,Soundcloud_followers_daily,211,1/1/2024,12/31/2025,18869,26319,21766.037914691944
Amaarae,Spotify_followers_daily,727,1/1/2024,12/31/2025,286825,597533,466456.06327372766
Amaarae,Spotify_monthly_listeners_daily,727,1/1/2024,12/31/2025,5230672,10695192,6296341.889958735
Amaarae,TikTok_followers_daily,726,1/1/2024,12/31/2025,154000,292100,210810.34159779616
Amaarae,TikTok_likes_daily,727,1/1/2024,12/31/2025,2500000,4986765,3494639.6409903714
Amaarae,Twitter_followers_daily,520,3/12/2024,12/31/2025,148408,172890,164382.75384615385
Amaarae,Wikipedia_views_daily,721,1/1/2024,12/31/2025,188,5268,462.3633841886269
Amaarae,YouTube_subscribers_daily,727,1/1/2024,12/31/2025,265000,451133,387751.3067400275
Bad Boy Timz,Instagram_followers_daily,669,1/1/2024,12/31/2025,1705961,2038955,1916647.0926756354
Bad Boy Timz,Spotify_followers_daily,727,1/1/2024,12/31/2025,382340,570345,478397.84869326
Bad Boy Timz,Spotify_monthly_listeners_daily,635,1/1/2024,9/30/2025,469792,997538,726871.9149606299
Bad Boy Timz,Twitter_followers_daily,526,3/12/2024,12/31/2025,267069,280017,271902.9258555133
Bad Boy Timz,Wikipedia_views_daily,731,1/1/2024,12/31/2025,3,434,16.767441860465116
Bad Boy Timz,YouTube_subscribers_daily,724,1/1/2024,12/31/2025,14200,14300,14238.237569060773
Bloody Civilian,Instagram_followers_daily,669,1/1/2024,12/31/2025,166298,334704,291424.620328849
Bloody Civilian,Soundcloud_followers_daily,615,1/1/2024,12/31/2025,836,1064,962.2552845528455
Bloody Civilian,Spotify_followers_daily,727,1/1/2024,12/31/2025,24462,142783,92854.55845942229
Bloody Civilian,Spotify_monthly_listeners_daily,636,1/1/2024,12/31/2025,820200,1276631,1013231.212264151
Bloody Civilian,TikTok_followers_daily,544,1/1/2024,9/30/2025,45400,166400,110922.26470588235
Bloody Civilian,TikTok_likes_daily,727,1/1/2024,12/31/2025,560800,4740230,2612546.6396148554
Bloody Civilian,Twitter_followers_daily,216,3/12/2024,2/2/2025,45677,111484,67532.50925925926
Bloody Civilian,YouTube_subscribers_daily,727,1/1/2024,12/31/2025,8330,17468,13962.80742778542
Boj,Instagram_followers_daily,669,1/1/2024,12/31/2025,139869,154211,145776.88490284007
Boj,Spotify_followers_daily,727,1/1/2024,12/31/2025,140231,170220,157501.36726272354
Boj,Spotify_monthly_listeners_daily,635,1/1/2024,12/31/2025,910339,1475292,1088167.294488189
Boj,TikTok_followers_daily,724,1/1/2024,12/31/2025,7710,10700,9250.00552486188
Boj,TikTok_likes_daily,724,1/1/2024,12/31/2025,62900,143325,97414.31906077349
Boj,Twitter_followers_daily,519,3/12/2024,12/31/2025,50947,55542,53568.37572254335
Boj,Wikipedia_views_daily,720,1/1/2024,12/31/2025,22,311,54.65972222222222
Boj,YouTube_subscribers_daily,727,1/1/2024,12/31/2025,17900,22519,20288.453920220083
Bracket,Bandsintown_followers_daily,526,1/1/2024,11/17/2025,0,15747,14488.404942965779
Bracket,Spotify_followers_daily,636,1/1/2024,12/31/2025,34758,99380,59638.06289308176
Bracket,Spotify_monthly_listeners_daily,635,1/1/2024,9/30/2025,310491,613931,466912.8220472441
Bracket,Wikipedia_views_daily,730,1/1/2024,12/31/2025,8,114,23.68082191780822
Bracket,YouTube_subscribers_daily,727,1/1/2024,12/31/2025,591000,1085158,888424.3067400275
Brymo,Bandsintown_followers_daily,521,1/15/2024,11/17/2025,0,4227,3251.9347408829176
Brymo,Instagram_followers_daily,670,1/1/2024,12/31/2025,179654,224728,202435.08358208954
Brymo,Soundcloud_followers_daily,274,1/1/2024,12/31/2025,4340,4546,4437.901459854014
Brymo,Spotify_followers_daily,640,4/1/2024,12/31/2025,211225,287087,244209.8734
Brymo,Spotify_monthly_listeners_daily,727,1/1/2024,12/31/2025,115154,343635,212230.66024759284
Brymo,Wikipedia_views_daily,699,1/1/2024,12/31/2025,29,897,82.1931330472103
Brymo,YouTube_subscribers_daily,727,1/1/2024,12/31/2025,56300,69233,61831.283356258595
Burna Boy,Spotify_followers_daily,695,1/1/2024,12/31/2025,49,55,52.45035971223022
Burna Boy,Spotify_monthly_listeners_daily,648,1/1/2024,12/31/2025,116,210,161.79320987654322
CDQ,Instagram_followers_daily,248,1/1/2024,11/19/2025,2317874,2574119,2486185.22983871
CDQ,Soundcloud_followers_daily,391,1/1/2024,12/31/2025,138,181,156.27877237851663
CDQ,Spotify_followers_daily,640,4/1/2024,12/31/2025,128913,164830,146297.9047
CDQ,Spotify_monthly_listeners_daily,727,1/1/2024,12/31/2025,38849,337871,110141.77166437414
CDQ,Wikipedia_views_daily,731,1/1/2024,12/31/2025,3,209,18.718194254445965
Cruel Santino,Bandsintown_followers_daily,191,11/28/2024,11/15/2025,0,5733,4387.701570680629
Cruel Santino,Instagram_followers_daily,666,1/1/2024,12/31/2025,121466,136358,128275.02102102102
Cruel Santino,Soundcloud_followers_daily,627,1/1/2024,12/31/2025,17364,18358,17811.77192982456
Cruel Santino,Spotify_followers_daily,727,1/1/2024,12/31/2025,90689,114280,102729.89133425035
Cruel Santino,Spotify_monthly_listeners_daily,635,1/1/2024,9/30/2025,516859,764462,630860.0614173228
Cruel Santino,TikTok_followers_daily,453,10/5/2024,12/31/2025,12900,17900,16147.618101545253
Cruel Santino,TikTok_likes_daily,453,10/5/2024,12/31/2025,144900,298857,246331.47682119205
Cruel Santino,Twitter_followers_daily,520,3/12/2024,12/31/2025,117946,130702,124705.37884615385
Cruel Santino,Wikipedia_views_daily,719,1/1/2024,12/31/2025,18,664,48.381084840055635
Cruel Santino,YouTube_subscribers_daily,724,1/1/2024,12/31/2025,5371,5520,5438.530386740332
DJ Cuppy,Spotify_followers_daily,338,10/9/2024,9/11/2025,3,7,5.982248520710059
DJ Cuppy,Spotify_monthly_listeners_daily,338,10/9/2024,9/11/2025,1,418,106.90236686390533
DJ Neptune,Instagram_followers_daily,666,1/1/2024,12/31/2025,437747,479666,454942.3903903904
DJ Neptune,Soundcloud_followers_daily,171,1/1/2024,12/31/2025,5586,7421,6050.06432748538
DJ Neptune,Spotify_followers_daily,727,1/1/2024,12/31/2025,478803,919220,665864.7551581843
DJ Neptune,Spotify_monthly_listeners_daily,727,1/1/2024,12/31/2025,560644,1185329,797304.8005502063
DJ Neptune,Wikipedia_views_daily,722,1/1/2024,12/31/2025,7,245,25.695290858725762
DJ Neptune,YouTube_subscribers_daily,727,1/1/2024,12/31/2025,214000,274333,245409.23796423658
DJ Spinall,Instagram_followers_daily,667,1/1/2024,12/31/2025,2225082,2462915,2346901.40029985
DJ Spinall,Spotify_followers_daily,636,1/1/2024,12/31/2025,115,177,140.3506289308176
DJ Spinall,Spotify_monthly_listeners_daily,727,1/1/2024,12/31/2025,1,63,12.173314993122421
DJ Spinall,TikTok_followers_daily,454,10/4/2024,12/31/2025,304200,309600,306800.4625550661
DJ Spinall,TikTok_likes_daily,449,10/4/2024,12/31/2025,1200000,1300000,1263854.4877505568
DJ Spinall,YouTube_subscribers_daily,696,2/3/2024,12/31/2025,306000,373821,347024.533045977
Dammy Krane,Instagram_followers_daily,251,1/1/2024,12/5/2025,345,683,525.8366533864541
Dammy Krane,Soundcloud_followers_daily,672,1/1/2024,12/31/2025,488,495,490.36160714285717
Dammy Krane,Spotify_followers_daily,727,1/1/2024,12/31/2025,9415,14129,11468.541953232461
Dammy Krane,Spotify_monthly_listeners_daily,727,1/1/2024,12/31/2025,15678,54899,29356.382393397525
Dammy Krane,Wikipedia_views_daily,724,1/1/2024,12/31/2025,3,715,30.66988950276243
Darey,Instagram_followers_daily,282,1/1/2024,12/26/2025,375422,381490,378217.90425531915
Darey,Soundcloud_followers_daily,552,1/1/2024,12/31/2025,1215,1222,1219.143115942029
Darey,Spotify_followers_daily,727,1/1/2024,12/31/2025,63347,76190,72355.00962861073
Darey,Spotify_monthly_listeners_daily,635,1/1/2024,9/30/2025,28827,164857,61919.166929133855
Darey,Wikipedia_views_daily,728,1/1/2024,12/31/2025,15,730,48.56318681318681
Darey,YouTube_subscribers_daily,727,1/1/2024,12/31/2025,68100,76441,72564.2090784044
Darkoo,Instagram_followers_daily,667,1/1/2024,12/31/2025,319139,491474,411975.3208395802
Darkoo,Soundcloud_followers_daily,451,1/1/2024,12/31/2025,390,420,402.7184035476718
Darkoo,Spotify_followers_daily,727,1/1/2024,12/31/2025,81533,408798,206569.33837689133
Darkoo,Spotify_monthly_listeners_daily,727,1/1/2024,12/31/2025,2455776,5874216,3952445.98349381
Darkoo,TikTok_followers_daily,726,1/1/2024,12/31/2025,405400,979500,728579.8760330578
Darkoo,TikTok_likes_daily,727,1/1/2024,12/31/2025,6200000,24700000,16424508.955983493
Darkoo,Twitter_followers_daily,351,10/2/2024,12/31/2025,36229,50160,45514.35897435898
Darkoo,Wikipedia_views_daily,729,1/1/2024,12/31/2025,31,1497,235.56515775034293
Darkoo,YouTube_subscribers_daily,727,1/1/2024,12/31/2025,199000,325000,263916.1045392022
Dremo,Instagram_followers_daily,362,1/1/2024,12/31/2025,1779874,2006284,1887331.9806629834
Dremo,Soundcloud_followers_daily,652,1/1/2024,12/31/2025,4234,4409,4338.700920245399
Dremo,Spotify_followers_daily,727,1/1/2024,12/31/2025,169249,236336,212970.70013755158
Dremo,Spotify_monthly_listeners_daily,543,1/1/2024,6/30/2025,96129,274573,142819.3443830571
Dremo,Twitter_followers_daily,139,7/22/2025,12/31/2025,1542518,1554152,1547986.0071942445
Dremo,YouTube_subscribers_daily,727,1/1/2024,12/31/2025,6922,7040,6988.143053645117
Duncan Mighty,Instagram_followers_daily,250,1/1/2024,12/26/2025,1403312,1483051,1452154.512
Duncan Mighty,Spotify_followers_daily,727,1/1/2024,12/31/2025,207135,344868,271144.79367262725
Duncan Mighty,Spotify_monthly_listeners_daily,635,1/1/2024,9/30/2025,255131,511273,356037.0598425197
Duncan Mighty,Wikipedia_views_daily,731,1/1/2024,12/31/2025,15,166,48.05335157318741
Duncan Mighty,YouTube_subscribers_daily,727,1/1/2024,12/31/2025,2460,2614,2529.0027510316368
Eldee,Instagram_followers_daily,266,1/1/2024,9/29/2025,144099,170313,161242.6090225564
Eldee,Spotify_followers_daily,640,4/1/2024,12/31/2025,44524,56810,50821.425
Eldee,Spotify_monthly_listeners_daily,635,1/1/2024,12/31/2025,31381,72756,48854.464566929135
Eldee,Twitter_followers_daily,1,4/19/2024,4/19/2024,1003524,1003524,1003524
Eldee,Wikipedia_views_daily,730,1/1/2024,12/31/2025,7,271,30.156164383561645
Flavour N'abania,Spotify_followers_daily,636,1/1/2024,12/31/2025,7483,7810,7519.190251572327
Flavour N'abania,Spotify_monthly_listeners_daily,635,1/1/2024,12/31/2025,60,205,103.17165354330709
Flavour N'abania,Wikipedia_views_daily,731,1/1/2024,12/31/2025,114,2737,277.6456908344733
Flavour N'abania,YouTube_subscribers_daily,727,1/1/2024,12/31/2025,3150000,3906364,3529238.9876203574
HarrySong,Instagram_followers_daily,222,1/5/2024,10/13/2025,2336015,2510935,2477262.3153153155
HarrySong,Spotify_followers_daily,727,1/1/2024,12/31/2025,114269,151077,134519.97386519946
HarrySong,Spotify_monthly_listeners_daily,635,1/1/2024,9/30/2025,71574,114231,87598.76220472441
HarrySong,Wikipedia_views_daily,730,1/1/2024,12/31/2025,6,1136,41.152054794520545
HarrySong,YouTube_subscribers_daily,727,1/1/2024,12/31/2025,92005,93200,92541.05364511692
Illbliss,Instagram_followers_daily,243,1/1/2024,12/2/2025,465601,496624,484985.3086419753
Illbliss,Soundcloud_followers_daily,611,1/1/2024,12/31/2025,478,485,480.69067103109654
Illbliss,Spotify_followers_daily,727,1/1/2024,12/31/2025,31413,68527,48378.5818431912
Illbliss,Spotify_monthly_listeners_daily,727,1/1/2024,12/31/2025,65882,239261,139303.22971114167
Illbliss,Twitter_followers_daily,1,4/28/2024,4/28/2024,391087,391087,391087
Illbliss,Wikipedia_views_daily,716,1/1/2024,12/31/2025,3,205,24.937150837988828
Illbliss,YouTube_subscribers_daily,727,1/1/2024,12/31/2025,10000,13179,11899.91196698762
Iyanya,Bandsintown_followers_daily,533,1/1/2024,11/16/2025,0,15552,14141.88555347092
Iyanya,Instagram_followers_daily,669,1/1/2024,12/31/2025,2064637,2153503,2102681.889387145
Iyanya,Soundcloud_followers_daily,53,3/17/2025,12/31/2025,866,898,892.2452830188679
Iyanya,Spotify_followers_daily,727,1/1/2024,12/31/2025,340389,596431,452235.89270976617
Iyanya,Spotify_monthly_listeners_daily,543,1/1/2024,6/30/2025,549025,870382,673040.2228360957
Iyanya,TikTok_followers_daily,726,1/1/2024,12/31/2025,427400,485850,445405.5564738292
Iyanya,TikTok_likes_daily,729,1/1/2024,12/31/2025,1900000,3409091,2228794.1893004114
Iyanya,Twitter_followers_daily,470,3/12/2024,12/31/2025,1277100,1344580,1333787.4
Iyanya,Wikipedia_views_daily,731,1/1/2024,12/31/2025,24,452,74.94391244870042
Iyanya,YouTube_subscribers_daily,727,1/1/2024,12/31/2025,535000,694571,614186.2861072902
Khaid,Instagram_followers_daily,624,1/1/2024,12/31/2025,919064,1109316,1013834.4022435897
Khaid,Soundcloud_followers_daily,208,1/1/2024,12/31/2025,1459,2931,2037.0625
Khaid,Spotify_followers_daily,640,4/1/2024,12/31/2025,619003,1329619,1050717.441
Khaid,Spotify_monthly_listeners_daily,544,1/1/2024,12/31/2025,910513,3104964,1435097.938
Khaid,TikTok_followers_daily,726,1/1/2024,12/31/2025,934700,1400000,1233430.8388429752
Khaid,TikTok_likes_daily,727,1/1/2024,12/31/2025,10200000,23388888,17220220.077028885
Khaid,Twitter_followers_daily,513,3/12/2024,12/31/2025,86030,94816,91482.59454191034
Khaid,Wikipedia_views_daily,701,1/1/2024,12/31/2025,45,2792,190.39800285306706
Khaid,YouTube_subscribers_daily,727,1/1/2024,12/31/2025,284000,662000,470117.6066024759
Korede Bello,Bandsintown_followers_daily,534,1/1/2024,11/16/2025,0,22613,19910.112359550563
Korede Bello,Instagram_followers_daily,670,1/1/2024,12/31/2025,5064222,5276469,5160677.368656716
Korede Bello,Soundcloud_followers_daily,205,1/1/2024,12/31/2025,6661,7096,6819.092682926829
Korede Bello,Spotify_followers_daily,727,1/1/2024,12/31/2025,633720,705030,687526.561210454
Korede Bello,Spotify_monthly_listeners_daily,636,1/1/2024,12/31/2025,639006,1198896,858666.963836478
Korede Bello,TikTok_followers_daily,727,1/1/2024,12/31/2025,2200000,2654902,2387477.5130674
Korede Bello,TikTok_likes_daily,727,1/1/2024,12/31/2025,9000000,15880000,11527303.987620357
Korede Bello,Twitter_followers_daily,521,3/12/2024,12/31/2025,787343,831239,806435.1516314779
Korede Bello,Wikipedia_views_daily,731,1/1/2024,12/31/2025,26,449,70.87414500683994
Korede Bello,YouTube_subscribers_daily,727,1/1/2024,12/31/2025,256000,285945,275638.4841815681
Lady Donli,Bandsintown_followers_daily,524,1/1/2024,11/15/2025,0,2542,1620.131679389313
Lady Donli,Instagram_followers_daily,548,1/1/2024,12/31/2025,40965,46939,43843.34489051095
Lady Donli,Soundcloud_followers_daily,536,1/1/2024,12/31/2025,5243,5401,5335.923507462687
Lady Donli,Spotify_followers_daily,727,1/1/2024,12/31/2025,48124,54268,51744.167812929845
Lady Donli,Spotify_monthly_listeners_daily,727,1/1/2024,12/31/2025,123051,177351,144788.96561210454
Lady Donli,TikTok_followers_daily,727,1/1/2024,12/31/2025,7608,7920,7768.33287482806
Lady Donli,TikTok_likes_daily,637,1/1/2024,12/31/2025,176100,205308,198864.4693877551
Lady Donli,Twitter_followers_daily,11,12/13/2024,3/30/2025,70286,72636,71771
Lady Donli,Wikipedia_views_daily,731,1/1/2024,12/31/2025,4,152,18.549931600547197
Lady Donli,YouTube_subscribers_daily,727,1/1/2024,12/31/2025,5940,6593,6318.3603851444295
Libianca,Bandsintown_followers_daily,522,1/1/2024,11/15/2025,0,21300,10721.346743295018
Libianca,Instagram_followers_daily,670,1/1/2024,12/31/2025,447384,505021,476194.64029850747
Libianca,Soundcloud_followers_daily,56,3/17/2025,12/31/2025,13677,15080,14867.107142857143
Libianca,Spotify_followers_daily,727,1/1/2024,12/31/2025,396739,586600,512325.47592847317
Libianca,Spotify_monthly_listeners_daily,544,1/1/2024,9/30/2025,5366681,11695359,7649654.430147059
Libianca,TikTok_followers_daily,724,1/1/2024,12/31/2025,955300,1100000,986384.5248618785
Libianca,TikTok_likes_daily,727,1/1/2024,12/31/2025,2200000,4453409,3030855.4291609353
Libianca,Twitter_followers_daily,518,3/12/2024,12/31/2025,15004,15822,15367.407335907335
Libianca,Wikipedia_views_daily,731,1/1/2024,12/31/2025,5,678,111.1203830369357
Libianca,YouTube_subscribers_daily,727,1/1/2024,12/31/2025,945000,1260278,1117917.887207703
Lyta,Instagram_followers_daily,667,1/1/2024,12/31/2025,1880734,2221960,2049299.7091454272
Lyta,Soundcloud_followers_daily,192,1/1/2024,12/31/2025,4298,4585,4428.395833333333
Lyta,Spotify_followers_daily,727,1/1/2024,12/31/2025,266901,408731,344265.5804676754
Lyta,Spotify_monthly_listeners_daily,635,1/1/2024,9/30/2025,138361,364523,228473.24409448818
Lyta,TikTok_followers_daily,608,5/3/2024,12/31/2025,151300,230355,197530.65953947368
Lyta,TikTok_likes_daily,608,5/3/2024,12/31/2025,873500,2840000,1752476.6233552631
Lyta,Twitter_followers_daily,510,3/12/2024,12/31/2025,153155,161838,156579.20980392158
Lyta,YouTube_subscribers_daily,727,1/1/2024,12/31/2025,88400,93447,90966.05502063273
M.I. Abaga,Instagram_followers_daily,666,1/1/2024,12/31/2025,1348301,1448430,1395702.5135135136
M.I. Abaga,Spotify_followers_daily,727,1/1/2024,12/31/2025,235574,290159,268943.65337001375
M.I. Abaga,Spotify_monthly_listeners_daily,636,1/1/2024,12/31/2025,176984,273351,215079.71698113208
M.I. Abaga,TikTok_followers_daily,636,1/1/2024,12/31/2025,10361,11200,10697.770440251572
M.I. Abaga,TikTok_likes_daily,636,1/1/2024,12/31/2025,56900,58416,57521.518867924526
M.I. Abaga,Twitter_followers_daily,495,3/12/2024,12/31/2025,1897128,2034257,1988697.6202020203
M.I. Abaga,Wikipedia_views_daily,731,1/1/2024,12/31/2025,17,6940,115.28727770177838
M.I. Abaga,YouTube_subscribers_daily,727,1/1/2024,12/31/2025,94900,104500,99857.84869325998
Maleek Berry,Bandsintown_followers_daily,522,1/1/2024,11/15/2025,0,36377,30931.291187739465
Maleek Berry,Instagram_followers_daily,668,1/1/2024,12/31/2025,1067759,1151091,1109716.8128742515
Maleek Berry,Soundcloud_followers_daily,410,1/1/2024,12/31/2025,49979,53366,52207.50731707317
Maleek Berry,Spotify_followers_daily,636,1/1/2024,12/31/2025,594511,653441,631622.25
Maleek Berry,Spotify_monthly_listeners_daily,727,1/1/2024,12/31/2025,900129,1630291,1278262.6176066024
Maleek Berry,TikTok_followers_daily,726,1/1/2024,12/31/2025,49400,82100,64620.707988980714
Maleek Berry,TikTok_likes_daily,726,1/1/2024,12/31/2025,151600,685050,306362.0523415978
Maleek Berry,Twitter_followers_daily,516,3/12/2024,12/31/2025,478435,496778,487953.08914728684
Maleek Berry,Wikipedia_views_daily,724,1/1/2024,12/31/2025,15,244,48.95165745856354
Maleek Berry,YouTube_subscribers_daily,727,1/1/2024,12/31/2025,586000,633750,608514.6272352132
Mannywellz,Bandsintown_followers_daily,522,1/1/2024,11/16/2025,0,9844,5819.128352490421
Mannywellz,Instagram_followers_daily,670,1/1/2024,12/31/2025,354785,436815,391668.82686567167
Mannywellz,Soundcloud_followers_daily,317,1/1/2024,12/31/2025,31421,33365,32117.078864353312
Mannywellz,Spotify_followers_daily,727,1/1/2024,12/31/2025,52921,105944,78772.2764786795
Mannywellz,Spotify_monthly_listeners_daily,544,1/1/2024,9/30/2025,194152,477254,310880.91911764705
Mannywellz,TikTok_followers_daily,727,1/1/2024,12/31/2025,280400,550600,451174.55570839066
Mannywellz,TikTok_likes_daily,727,1/1/2024,12/31/2025,5600000,14435714,10439496.953232462
Mannywellz,Twitter_followers_daily,519,3/12/2024,12/31/2025,10426,11169,10883.630057803468
Mannywellz,YouTube_subscribers_daily,727,1/1/2024,12/31/2025,35600,58245,46648.26547455296
Mr Real,Instagram_followers_daily,277,1/1/2024,10/23/2025,679777,774271,742402.631768953
Mr Real,Spotify_followers_daily,727,1/1/2024,12/31/2025,13095,20550,17336.914718019256
Mr Real,Spotify_monthly_listeners_daily,727,1/1/2024,12/31/2025,17587,51783,36883.81430536451
Mr Real,Wikipedia_views_daily,724,1/1/2024,12/31/2025,1,173,11.410220994475138
Naeto C,Instagram_followers_daily,243,1/1/2024,10/18/2025,188955,212170,203194.79835390946
Naeto C,Soundcloud_followers_daily,444,1/1/2024,12/31/2025,437,453,438.7815315315315
Naeto C,Spotify_followers_daily,727,1/1/2024,12/31/2025,113424,135024,124743.60797799175
Naeto C,Spotify_monthly_listeners_daily,545,1/1/2024,9/30/2025,45050,100661,67190.7376146789
Naeto C,Wikipedia_views_daily,716,1/1/2024,12/31/2025,15,710,46.44553072625698
Nonso Amadi,Bandsintown_followers_daily,534,1/1/2024,11/17/2025,0,6615,4867.453183520599
Nonso Amadi,Instagram_followers_daily,668,1/1/2024,12/31/2025,118571,139506,128641.81437125748
Nonso Amadi,Soundcloud_followers_daily,587,1/1/2024,12/31/2025,13334,13756,13602.654173764906
Nonso Amadi,Spotify_followers_daily,727,1/1/2024,12/31/2025,194475,227793,217617
Nonso Amadi,Spotify_monthly_listeners_daily,636,1/1/2024,12/31/2025,353890,748345,529497.1273584906
Nonso Amadi,TikTok_followers_daily,727,1/1/2024,12/31/2025,23500,51800,28176.935350756532
Nonso Amadi,TikTok_likes_daily,727,1/1/2024,12/31/2025,571000,2535714,869146.1485557084
Nonso Amadi,Twitter_followers_daily,550,3/12/2024,12/31/2025,45075,51850,49751.310909090906
Nonso Amadi,Wikipedia_views_daily,702,1/1/2024,12/31/2025,11,232,33.6965811965812
Nonso Amadi,YouTube_subscribers_daily,727,1/1/2024,12/31/2025,127000,169000,140453.71114167813
ODUMODUBLVCK,Bandsintown_followers_daily,420,4/19/2024,11/17/2025,772,8599,3015.9690476190476
ODUMODUBLVCK,Instagram_followers_daily,668,1/1/2024,12/31/2025,1198614,1934446,1648250.2260479042
ODUMODUBLVCK,Soundcloud_followers_daily,573,1/1/2024,12/31/2025,1367,5723,3920.1396160558465
ODUMODUBLVCK,Spotify_followers_daily,727,1/1/2024,12/31/2025,507141,3244934,1797316.152682256
ODUMODUBLVCK,Spotify_monthly_listeners_daily,727,1/1/2024,12/31/2025,1804335,4436916,2971265.3603851446
ODUMODUBLVCK,TikTok_followers_daily,726,1/1/2024,12/31/2025,51300,193850,69981.1349862259
ODUMODUBLVCK,TikTok_likes_daily,633,1/1/2024,12/31/2025,3840,3616667,486837.5450236967
ODUMODUBLVCK,Twitter_followers_daily,521,3/12/2024,12/31/2025,232450,681170,383972.09788867563
ODUMODUBLVCK,Wikipedia_views_daily,24,1/19/2024,4/8/2025,345,1013,603.2916666666666
ODUMODUBLVCK,YouTube_subscribers_daily,726,1/1/2024,12/31/2025,91500,279286,187162.43663911844
Odunsi (The Engine),Bandsintown_followers_daily,522,1/1/2024,11/17/2025,0,8036,5781.021072796935
Odunsi (The Engine),Instagram_followers_daily,668,1/1/2024,12/31/2025,70892,75185,73021.25748502994
Odunsi (The Engine),Spotify_followers_daily,727,1/1/2024,12/31/2025,124492,138159,132624.4264099037
Odunsi (The Engine),Spotify_monthly_listeners_daily,635,1/1/2024,9/30/2025,280692,354091,312498.0881889764
Odunsi (The Engine),Twitter_followers_daily,559,3/12/2024,12/31/2025,114778,117222,116166.54740608229
Odunsi (The Engine),YouTube_subscribers_daily,727,1/1/2024,12/31/2025,33700,38622,36528.74277854196
Olakira,Instagram_followers_daily,237,1/5/2024,10/31/2025,470275,507709,489368.358649789
Olakira,Spotify_followers_daily,636,1/1/2024,12/31/2025,25933,36269,31322.081761006288
Olakira,Spotify_monthly_listeners_daily,543,1/1/2024,6/30/2025,254795,501395,296902.42909760587
Olakira,TikTok_followers_daily,635,1/1/2024,12/31/2025,78500,91225,86912.27244094489
Olakira,TikTok_likes_daily,727,1/1/2024,12/31/2025,80388,101900,96830.14305364512
Olakira,YouTube_subscribers_daily,727,1/1/2024,12/31/2025,603000,669125,634492.7111416782
Olu Maintain,Instagram_followers_daily,229,1/5/2024,10/29/2025,167001,181340,175054.1615720524
Olu Maintain,Spotify_followers_daily,727,1/1/2024,12/31/2025,64748,94472,79875.02888583219
Olu Maintain,Spotify_monthly_listeners_daily,727,1/1/2024,12/31/2025,66833,103971,85103.3658872077
Olu Maintain,Wikipedia_views_daily,728,1/1/2024,12/31/2025,10,231,30.34478021978022
Oritsefemi,Spotify_followers_daily,55,1/1/2024,7/17/2024,16,16,16
Oritsefemi,Spotify_monthly_listeners_daily,55,1/1/2024,7/17/2024,1,88,61
P-Square,Bandsintown_followers_daily,560,1/1/2024,11/17/2025,0,38676,34189.3625
P-Square,Instagram_followers_daily,505,1/1/2024,12/31/2025,12241648,12551512,12350040.358415842
P-Square,Soundcloud_followers_daily,32,4/22/2024,12/31/2025,8726,10403,10241.03125
P-Square,Spotify_followers_daily,727,1/1/2024,12/31/2025,565560,1025886,784613.5598349381
P-Square,Spotify_monthly_listeners_daily,635,1/1/2024,9/30/2025,1014846,2348340,1374497.188976378
P-Square,Wikipedia_views_daily,730,1/1/2024,12/31/2025,149,3398,302.6890410958904
P-Square,YouTube_subscribers_daily,727,1/1/2024,12/31/2025,2390000,2912667,2633489.2984869326
Pheelz,Bandsintown_followers_daily,534,1/1/2024,11/16/2025,0,5268,2480.816479400749
Pheelz,Instagram_followers_daily,668,1/1/2024,12/31/2025,623044,688519,654673.74251497
Pheelz,Soundcloud_followers_daily,174,1/1/2024,12/31/2025,8242,12434,9527.51724137931
Pheelz,Spotify_followers_daily,727,1/1/2024,12/31/2025,373771,830992,593066.2489683632
Pheelz,Spotify_monthly_listeners_daily,453,1/1/2024,6/30/2025,2125307,5467847,2890750.7637969097
Pheelz,TikTok_followers_daily,640,4/1/2024,12/31/2025,482200,615700,564661.2531
Pheelz,TikTok_likes_daily,726,1/1/2024,12/31/2025,3700000,9004878,6329486.79338843
Pheelz,Twitter_followers_daily,520,3/12/2024,12/31/2025,420230,447430,435616.7711538462
Pheelz,Wikipedia_views_daily,727,1/1/2024,12/31/2025,28,973,85.72489683631362
Pheelz,YouTube_subscribers_daily,727,1/1/2024,12/31/2025,324000,389000,358573.894085282
Praiz,Instagram_followers_daily,237,1/1/2024,12/3/2025,397744,422353,416055.37552742613
Praiz,Soundcloud_followers_daily,205,1/1/2024,12/31/2025,396,417,402.49756097560976
Praiz,Spotify_followers_daily,727,1/1/2024,12/31/2025,23449,30307,27435.880330123797
Praiz,Spotify_monthly_listeners_daily,727,1/1/2024,12/31/2025,204527,327234,248049.4112792297
Praiz,TikTok_followers_daily,673,2/27/2024,12/31/2025,718,751,735.4606240713224
Praiz,TikTok_likes_daily,673,2/27/2024,12/31/2025,935,942,936.9123328380387
Praiz,Wikipedia_views_daily,731,1/1/2024,12/31/2025,4,106,21.540355677154583
Prettyboy D-O,Instagram_followers_daily,668,1/1/2024,12/31/2025,92650,109128,101166.18113772455
Prettyboy D-O,Spotify_followers_daily,640,4/1/2024,12/31/2025,59020,66656,63491.17188
Prettyboy D-O,Spotify_monthly_listeners_daily,546,1/1/2024,12/31/2025,68386,235985,95488.62271062272
Prettyboy D-O,TikTok_followers_daily,632,1/1/2024,12/31/2025,5744,6769,6434.284810126583
Prettyboy D-O,TikTok_likes_daily,721,1/1/2024,12/31/2025,104700,129738,116916.85436893204
Prettyboy D-O,Twitter_followers_daily,492,3/12/2024,12/31/2025,49151,57671,52816.2337398374
Prettyboy D-O,YouTube_subscribers_daily,727,1/1/2024,12/31/2025,8670,9569,9157.045392022008
Qing Madi,Instagram_followers_daily,669,1/1/2024,12/31/2025,250208,591315,476083.798206278
Qing Madi,Soundcloud_followers_daily,31,5/1/2024,12/31/2025,476,1424,1259.6451612903227
Qing Madi,Spotify_followers_daily,636,1/1/2024,12/31/2025,63681,771827,505892.22327044024
Qing Madi,Spotify_monthly_listeners_daily,727,1/1/2024,12/31/2025,736133,2452566,1742001.5130674003
Qing Madi,TikTok_followers_daily,727,1/1/2024,12/31/2025,447500,1451429,1105181.0440165063
Qing Madi,TikTok_likes_daily,724,1/1/2024,12/31/2025,9900000,55587500,32966796.041436464
Qing Madi,Twitter_followers_daily,510,3/12/2024,12/31/2025,9307,36545,31176.692156862744
Qing Madi,Wikipedia_views_daily,731,1/1/2024,12/31/2025,88,1165,273.21067031463747
Qing Madi,YouTube_subscribers_daily,726,1/1/2024,12/31/2025,68200,340500,230343.73278236916
Reekado Banks,Bandsintown_followers_daily,521,1/1/2024,11/15/2025,0,14853,12768.201535508637
Reekado Banks,Instagram_followers_daily,669,1/1/2024,12/31/2025,6344350,6750826,6540502.7309417045
Reekado Banks,Soundcloud_followers_daily,200,1/1/2024,12/31/2025,6648,7598,6998.81
Reekado Banks,Spotify_followers_daily,727,1/1/2024,12/31/2025,722129,1092995,888869.1237964237
Reekado Banks,Spotify_monthly_listeners_daily,545,1/1/2024,9/30/2025,661885,1093783,845174.2715596331
Reekado Banks,TikTok_followers_daily,582,2/28/2024,12/31/2025,110000,171232,140987.60481099656
Reekado Banks,TikTok_likes_daily,583,2/28/2024,12/31/2025,487400,1241177,749374.255574614
Reekado Banks,Twitter_followers_daily,508,3/12/2024,12/31/2025,2181630,2204412,2190390.003937008
Reekado Banks,Wikipedia_views_daily,718,1/1/2024,12/31/2025,20,318,60.57381615598886
Reekado Banks,YouTube_subscribers_daily,727,1/1/2024,12/31/2025,454000,523412,487850.2462173315
Reminisce,Instagram_followers_daily,274,1/1/2024,12/26/2025,2077489,2338448,2240566.9343065694
Reminisce,Spotify_followers_daily,636,1/1/2024,12/31/2025,225019,310765,272471.65880503145
Reminisce,Spotify_monthly_listeners_daily,635,1/1/2024,12/31/2025,209616,657299,307787.37322834646
Reminisce,Wikipedia_views_daily,717,1/1/2024,12/31/2025,10,64,26.383542538354252
Reminisce,YouTube_subscribers_daily,727,1/1/2024,12/31/2025,72100,79006,75572.03438789546
Ric Hassani,Bandsintown_followers_daily,522,1/1/2024,11/18/2025,0,5226,3219.7816091954023
Ric Hassani,Instagram_followers_daily,669,1/1/2024,12/31/2025,886003,1002431,957977.8295964126
Ric Hassani,Soundcloud_followers_daily,597,1/1/2024,12/31/2025,9313,10837,10125.938023450586
Ric Hassani,Spotify_followers_daily,727,1/1/2024,12/31/2025,136303,177566,162049.99587345254
Ric Hassani,Spotify_monthly_listeners_daily,544,1/1/2024,9/30/2025,473012,904819,594401.8345588235
Ric Hassani,TikTok_followers_daily,379,12/18/2024,12/31/2025,27200,53910,42406.76781002639
Ric Hassani,TikTok_likes_daily,288,12/18/2024,12/31/2025,142500,383420,272726.9791666667
Ric Hassani,Twitter_followers_daily,468,3/12/2024,12/11/2025,170557,173508,171778.72435897434
Ric Hassani,YouTube_subscribers_daily,379,12/18/2024,12/31/2025,692000,739933,718311.3562005277
Sarz,Instagram_followers_daily,667,1/1/2024,12/31/2025,437415,490508,464717.1544227886
Sarz,Soundcloud_followers_daily,199,1/1/2024,12/31/2025,8521,10210,9072.909547738693
Sarz,Spotify_followers_daily,727,1/1/2024,12/31/2025,230072,681497,416262.10729023383
Sarz,Spotify_monthly_listeners_daily,452,1/1/2024,3/31/2025,3382663,4674749,4082116.207964602
Sarz,TikTok_followers_daily,727,1/1/2024,12/31/2025,96200,165800,127885.31224209079
Sarz,TikTok_likes_daily,727,1/1/2024,12/31/2025,117000,1262162,429610
Sarz,Twitter_followers_daily,471,3/12/2024,10/9/2025,661762,681370,669623.8067940552
Sarz,Wikipedia_views_daily,727,1/1/2024,12/31/2025,20,479,63.80055020632737
Sarz,YouTube_subscribers_daily,727,1/1/2024,12/31/2025,65500,128529,90026.52682255846
Sauce Kid,Spotify_followers_daily,727,1/1/2024,12/31/2025,25581,28079,27439.10729023384
Sauce Kid,Spotify_monthly_listeners_daily,727,1/1/2024,12/31/2025,3466,7548,5261.898211829436
Sauce Kid,YouTube_subscribers_daily,719,1/1/2024,12/31/2025,1850,1870,1862.1974965229485
Sean Tizzle,Instagram_followers_daily,237,1/5/2024,12/31/2025,1152634,1255170,1222538.1898734176
Sean Tizzle,Soundcloud_followers_daily,516,1/1/2024,12/31/2025,1649,1810,1735.5813953488373
Sean Tizzle,Spotify_followers_daily,640,4/1/2024,12/31/2025,103833,149472,126669.0406
Sean Tizzle,Spotify_monthly_listeners_daily,727,1/1/2024,12/31/2025,102903,167945,147203.6781292985
Sean Tizzle,Wikipedia_views_daily,685,1/1/2024,12/31/2025,8,114,21.77080291970803
Sean Tizzle,YouTube_subscribers_daily,662,1/1/2024,12/31/2025,27300,66381,49399.36102719033
Seyi Shay,Instagram_followers_daily,668,1/1/2024,12/31/2025,981895,1081837,1022691.254491018
Seyi Shay,Soundcloud_followers_daily,479,1/1/2024,12/31/2025,1977,1988,1982.528183716075
Seyi Shay,Spotify_followers_daily,640,4/1/2024,12/31/2025,108386,125835,121522.5922
Seyi Shay,Spotify_monthly_listeners_daily,727,1/1/2024,12/31/2025,75329,154035,103460.33287482806
Seyi Shay,TikTok_followers_daily,727,1/1/2024,12/31/2025,97900,113072,105661.03163686383
Seyi Shay,TikTok_likes_daily,727,1/1/2024,12/31/2025,44400,155900,85458.15955983494
Seyi Shay,Twitter_followers_daily,517,3/12/2024,12/31/2025,413916,451395,439016.4352030948
Seyi Shay,Wikipedia_views_daily,722,1/1/2024,12/31/2025,24,594,69.8781163434903
Seyi Shay,YouTube_subscribers_daily,727,1/1/2024,12/31/2025,134000,145000,139630.59972489683
Show Dem Camp,Instagram_followers_daily,668,1/1/2024,12/31/2025,71354,78247,75135.42664670659
Show Dem Camp,Soundcloud_followers_daily,635,1/1/2024,12/31/2025,5337,5707,5519.565354330709
Show Dem Camp,Spotify_followers_daily,727,1/1/2024,12/31/2025,159461,187067,173012.01788170563
Show Dem Camp,Spotify_monthly_listeners_daily,727,1/1/2024,12/31/2025,444556,859799,514271.310866575
Show Dem Camp,Twitter_followers_daily,510,3/12/2024,12/31/2025,45019,47183,45901.24117647059
Show Dem Camp,Wikipedia_views_daily,679,1/2/2024,12/31/2025,1,21,3.8910162002945508
Show Dem Camp,YouTube_subscribers_daily,727,1/1/2024,12/31/2025,12626,12900,12761.536451169188
Skiibii,Instagram_followers_daily,668,1/1/2024,12/31/2025,3637575,4113792,3902061.0538922157
Skiibii,Soundcloud_followers_daily,208,1/1/2024,12/31/2025,1470,1743,1560.5721153846155
Skiibii,Spotify_followers_daily,640,4/1/2024,12/31/2025,449368,711216,565500.5859
Skiibii,Spotify_monthly_listeners_daily,727,1/1/2024,12/31/2025,693828,899224,791707.1100412655
Skiibii,TikTok_followers_daily,727,1/1/2024,12/31/2025,271800,313400,299846.07840440166
Skiibii,TikTok_likes_daily,635,1/1/2024,12/31/2025,1000000,1844737,1393902.9070866143
Skiibii,Twitter_followers_daily,505,3/12/2024,12/31/2025,242943,248187,245655.9702970297
Skiibii,YouTube_subscribers_daily,727,1/1/2024,12/31/2025,307000,341048,324870.3755158184
Small Doctor,Spotify_followers_daily,727,1/1/2024,12/31/2025,86898,143659,124849.83493810179
Small Doctor,Spotify_monthly_listeners_daily,635,1/1/2024,9/30/2025,32319,54744,43243.77637795276
Small Doctor,Twitter_followers_daily,1,4/12/2024,4/12/2024,237449,237449,237449
Small Doctor,YouTube_subscribers_daily,727,1/1/2024,12/31/2025,28600,31367,29827.95460797799
Solidstar,Instagram_followers_daily,262,1/1/2024,12/14/2025,1206273,1270423,1237029.1335877862
Solidstar,Spotify_followers_daily,727,1/1/2024,12/31/2025,104965,137626,125958.77716643742
Solidstar,Spotify_monthly_listeners_daily,635,1/1/2024,9/30/2025,49926,90481,68316.93228346457
Sound Sultan,Instagram_followers_daily,239,1/5/2024,6/12/2025,1045759,1108930,1082118.4058577407
Sound Sultan,Soundcloud_followers_daily,372,1/1/2024,12/31/2025,94,96,94.1747311827957
Sound Sultan,Spotify_followers_daily,727,1/1/2024,12/31/2025,71970,98004,86643.36176066025
Sound Sultan,Spotify_monthly_listeners_daily,727,1/1/2024,12/31/2025,32336,83076,49761.41678129299
Sound Sultan,Wikipedia_views_daily,724,1/1/2024,12/31/2025,16,248,51.87292817679558
Sound Sultan,YouTube_subscribers_daily,727,1/1/2024,12/31/2025,16200,18106,17158.679504814307
Tay Iwar,Bandsintown_followers_daily,200,11/21/2024,11/17/2025,0,4778,3606.43
Tay Iwar,Instagram_followers_daily,669,1/1/2024,12/31/2025,70767,82335,74653.80119581465
Tay Iwar,Soundcloud_followers_daily,695,1/1/2024,12/30/2025,10015,10499,10244.125179856115
Tay Iwar,Spotify_followers_daily,727,1/1/2024,12/31/2025,62270,97307,76521.2090784044
Tay Iwar,Spotify_monthly_listeners_daily,545,1/1/2024,12/31/2025,727152,1100758,878679.8697247707
Tay Iwar,TikTok_followers_daily,634,1/1/2024,9/30/2025,2079,2780,2299.9211356466876
Tay Iwar,TikTok_likes_daily,725,1/1/2024,12/31/2025,9044,25545,11136.04275862069
Tay Iwar,Twitter_followers_daily,409,3/12/2024,12/31/2025,37407,41435,39868.833740831295
Tay Iwar,Wikipedia_views_daily,725,1/1/2024,12/31/2025,7,159,30.766896551724138
Tay Iwar,YouTube_subscribers_daily,727,1/1/2024,12/31/2025,9180,28329,15754.323246217331
Tempoe,Instagram_followers_daily,15,6/19/2025,12/28/2025,60158,63134,61520.8
Tempoe,Spotify_followers_daily,640,4/1/2024,12/31/2025,23642,169282,91350.47031
Tempoe,Spotify_monthly_listeners_daily,727,1/1/2024,12/31/2025,3147411,7348533,4977279.463548831
Terri,Instagram_followers_daily,668,1/1/2024,12/31/2025,536976,649895,599119
Terri,Soundcloud_followers_daily,619,1/1/2024,12/31/2025,683,701,692.8029079159935
Terri,Spotify_followers_daily,727,1/1/2024,12/31/2025,76452,104594,96249.45392022008
Terri,Spotify_monthly_listeners_daily,635,1/1/2024,9/30/2025,107454,194171,124198.02519685039
Terri,TikTok_followers_daily,668,2/28/2024,12/31/2025,8,10,8.925149700598803
Terri,TikTok_likes_daily,668,2/28/2024,12/31/2025,1,1,1
Terri,YouTube_subscribers_daily,726,1/1/2024,12/31/2025,84800,87995,86663.3870523416
Terry Apala,Instagram_followers_daily,4,6/17/2025,12/14/2025,334590,340622,337842.5
Terry Apala,Soundcloud_followers_daily,224,6/18/2024,12/31/2025,705,762,720.7098214285714
Terry Apala,Spotify_followers_daily,727,1/1/2024,12/31/2025,50435,108891,77253.50894085281
Terry Apala,Spotify_monthly_listeners_daily,636,1/1/2024,12/31/2025,38583,280086,166051.5927672956
Terry Apala,TikTok_followers_daily,454,10/4/2024,12/31/2025,35900,54586,45949.594713656385
Terry Apala,TikTok_likes_daily,363,10/4/2024,12/31/2025,280900,414791,349912.3746556474
Terry Apala,Wikipedia_views_daily,731,1/1/2024,12/31/2025,10,1167,47.25170998632011
Terry Apala,YouTube_subscribers_daily,561,6/19/2024,12/31/2025,6020,6480,6361.317290552584
Vector,Bandsintown_followers_daily,362,6/10/2024,11/15/2025,0,870,467.5110497237569
Vector,Instagram_followers_daily,666,1/1/2024,12/31/2025,1331345,1461372,1397427.3918918918
Vector,Soundcloud_followers_daily,501,1/1/2024,12/31/2025,2731,2785,2753.818363273453
Vector,Spotify_followers_daily,636,1/1/2024,12/31/2025,140127,324774,231875.49842767295
Vector,Spotify_monthly_listeners_daily,727,1/1/2024,12/31/2025,282789,757513,477618.3342503439
Vector,TikTok_followers_daily,608,5/3/2024,12/31/2025,17200,31382,24207.845394736843
Vector,TikTok_likes_daily,608,5/3/2024,12/31/2025,20400,247682,93167.77796052632
Vector,Twitter_followers_daily,549,3/12/2024,12/31/2025,444715,450771,448472.189435337
Vector,YouTube_subscribers_daily,727,1/1/2024,12/31/2025,64000,74163,69920.7991746905
Waje,Instagram_followers_daily,253,1/1/2024,12/17/2025,1496841,1553939,1527616.3438735178
Waje,Spotify_followers_daily,549,7/1/2024,12/31/2025,70617,74393,73577.67030965391
Waje,Spotify_monthly_listeners_daily,727,1/1/2024,12/31/2025,16848,64591,36704.646492434666
Waje,YouTube_subscribers_daily,727,1/1/2024,12/31/2025,48600,51931,49864.048143053646
WurlD,Bandsintown_followers_daily,210,11/22/2024,11/17/2025,0,2927,2163.266666666667
WurlD,Instagram_followers_daily,665,1/1/2024,12/31/2025,337615,395349,364797.55488721805
WurlD,Soundcloud_followers_daily,453,1/1/2024,12/31/2025,4420,4568,4499.267108167771
WurlD,Spotify_followers_daily,640,4/1/2024,12/31/2025,205192,249261,231562.2781
WurlD,Spotify_monthly_listeners_daily,727,1/1/2024,12/31/2025,265878,922937,411174.1141678129
WurlD,TikTok_followers_daily,636,1/1/2024,12/31/2025,15000,44900,27422.767295597485
WurlD,TikTok_likes_daily,727,1/1/2024,12/31/2025,58400,2438597,786691.6506189822
WurlD,Twitter_followers_daily,529,3/12/2024,12/31/2025,367555,380166,371508.9697542533
WurlD,Wikipedia_views_daily,714,1/1/2024,12/31/2025,4,213,20.935574229691877
WurlD,YouTube_subscribers_daily,727,1/1/2024,12/31/2025,40300,43415,41982.188445667125
Yung6ix,Instagram_followers_daily,256,1/1/2024,11/3/2025,1940005,2162166,2085947.2109375
Yung6ix,Soundcloud_followers_daily,1,7/25/2024,7/25/2024,1786,1786,1786
Yung6ix,Spotify_followers_daily,636,1/1/2024,12/31/2025,89057,114701,106870.82547169812
Yung6ix,Spotify_monthly_listeners_daily,546,1/1/2024,12/31/2025,62404,148431,98703.9249084249
Yung6ix,Wikipedia_views_daily,731,1/1/2024,12/31/2025,7,216,25.87824897400821
Yung6ix,YouTube_subscribers_daily,675,1/1/2024,12/31/2025,286,308,300.12148148148145
