id,severity,area,finding,detail,evidence,suspected_cause,proposed_fix,fix_type
D-01,CRITICAL,delivery package,Two contradictory revenue datasets coexist in NBS FINAL delivery/04_Datasets,"Gross_Export_Revenue.csv (5 quarters, 128 artists, fixed 70% split, Flavour duplicated) vs Revenue_By_Platform_Quarterly.csv (31 quarters, 734 artists, observed split). Same quarters diverge 19.9%-36.4%.",_audit/ledger.md; ls -la of 04_Datasets shows 7 files dated Aug 11 vs 21 dated Aug 16-17,NBS FINAL delivery was created as a copy of delivery/; 7 files were never regenerated by any pipeline stage and no script writes them,"Regenerate or remove the orphans; if removed, record in limitations that the Chartmetric-era figures remain available in delivery/ as immutable evidence",correct at source
D-02,CRITICAL,hosted application,Hosted site serves data predating every correction in this work,"Hosted /api/v1/nbs/summary.json: 5 periods, 127 artists, no notes block. Local validated source: 31 periods, 734 artists, notes present. Hosted export figures still use the fixed 70% split.",curl https://nigeria-music-analytics-system-nmas.vercel.app/api/v1/nbs/summary.json,Deployment built from commit c8fef8f; 123 files uncommitted locally,"Gate 2: commit, push, redeploy, then re-verify hosted values against source",propagate
D-03,HIGH,hosting configuration,SPA rewrite masks missing API artifacts as HTTP 200 HTML,"vercel.json rewrites /(.*) to /index.html, so /api/v1/console/THIS-DOES-NOT-EXIST.json returns HTTP 200 with content-type text/html. A missing or mistyped data artifact is indistinguishable from a present one at the HTTP layer.",curl -o /dev/null -w %{http_code} on a nonexistent artifact returns 200; content-type text/html,Catch-all rewrite has no exclusion for /api/,Exclude /api/ from the SPA rewrite so missing artifacts return a real 404,correct at source
D-04,HIGH,Excel deliverables,3_Employment_Male_Female.xlsx is stale and has no cover/metadata sheet,"Dated Aug 11, not regenerated by build_all_excel.py, carries no provenance sheet while the other eight workbooks do.",_audit/validation/workbook_audit.csv,Employment data comes from external secondary sources and has no generator script,"Either write a generator, or mark the workbook explicitly as externally sourced with a cover sheet stating provenance and vintage",correct at source
D-05,MEDIUM,Excel deliverables,Numeric cells largely carry General number format,"22 sheets have >90% of numeric cells in General format; currency, counts and percentages are not visually distinguished and thousands separators are absent.",_audit/validation/workbook_audit.csv,build_all_excel.py styles headers but sets no number_format on data cells,Apply number formats by metric class in the builder,correct at source
D-06,LOW,Excel deliverables,"Autofilter, print area, freeze panes and numeral alignment missing on most sheets","26 sheets lack autofilter, 26 lack print area, 2 lack freeze panes, 21 have default-aligned numerals.",_audit/validation/workbook_audit.csv,Builder applies these only to some sheets,Apply uniformly in the shared style() helper,correct at source
D-07,MEDIUM,delivery package,Superseded Spotify_City_Geography.csv retained alongside its replacement,"Spotify_City_Geography.csv (319 MB, Spotify NG cities only) is superseded by Geography_Full_Daily.csv.gz and Nigeria_City_Geography_Quarterly.csv but remains in the package.",ls -la NBS FINAL delivery/04_Datasets,"Earlier pipeline stage output, never retired",Retire or explicitly label as superseded in the handbook,propagate
D-08,MEDIUM,documentation,README and methodology describe 31 quarters and 752 artists but predate the full extraction,"NBS FINAL delivery/README.md layout section does not list the 10 datasets added since (Export_Markets, World_City_Geography, Radio_Stations, Artist_Catalogue, Observed_Values_Only, Data_Provenance_Audit, Geography_Full_Daily, Revenue_By_Platform, NBS_Accounts, Cost_By_Category).",NBS FINAL delivery/README.md Layout section vs ls of 04_Datasets,Documentation written before later pipeline stages were added,Regenerate README/handbook from the manifest so it cannot drift,correct at source
D-09,HIGH,frontend,Console panels publish findings contradicted by current data,panels/registry.ts states 'Nine real quarters; the archive floor is the finding' (coverage) and 'One source is integrated' (sources) and ExportFootprint asserts listener geography was never collected. All three are now false.,frontend/src/console/panels/registry.ts; frontend/src/console/panels/ExportFootprint.tsx,Panels authored against the Chartmetric-only delivery,Update the three panels' text and feasibility ratings from the current registers,propagate
D-10,MEDIUM,reproducibility,Employment figures have no generator and no source file in the pipeline,"Employment_Male_Female.csv carries 300,000 direct / 1,000,000 indirect and a 62/38 gender split with no script producing it and no cited primary source in the delivery.",grep for MUSIC_DIRECT_EMPLOYMENT in backend/scripts/nbs_deliverables.py:39-42,Constants embedded in a script that is no longer part of the pipeline,"Classify ASM, register the assumption, cite the secondary source, or withdraw the indicator",document limitation
D-11,CRITICAL,build_nbs_accounts.py,Uplift rate 0.40 contradicts the 0.30 used by the delivered file and the documented methodology,"backend/scripts/build_nbs_accounts.py:64 sets UNMEASURED_UPLIFT_RATE=0.40. The delivered Gross_Streaming_Revenue.csv reproduces at EXACTLY 0.30 (638/638 rows, $0.00 residual) and fails at 0.40 (634/638 rows, $5,809,678 residual). MethodologyInspector.tsx:351,356 documents 0.30. nbs_extract_new_artists.py:191 uses 0.30. Only nbs_deliverables.py:186 uses 0.40, and that script did not produce the delivered file. This inflates the 5 overlap quarters by $5,809,677.",_audit/validation/attribution.txt; grep output in ledger,I adopted 0.40 from nbs_deliverables.py without checking it against the file actually delivered,Change UNMEASURED_UPLIFT_RATE to 0.30 and regenerate all downstream artifacts,correct at source
D-12,CRITICAL,merge precedence rule,Precedence keeps a Chartmetric value that is wrong by five orders of magnitude for Burna Boy,"Burna Boy Spotify monthly listeners: Chartmetric 160-184, Soundcharts 21,923,917 for the same dates (raw shard and live API agree exactly). The merge rule 'Chartmetric wins' keeps 167 and discards 21.9M - a factor of 128,964. Scope check across 128 artists with both providers: 125 agree within 2x, 1 is 6x (Lagbaja), 1 has Chartmetric higher, 1 is catastrophic (Burna Boy). Not systemic, but it affects Nigeria's largest export artist in every quarter from 2024.",raw shard backend/data/soundcharts/shards/14ff75bc-*.csv vs delivery/04_Datasets/Daily_Metric_Observations.csv; live re-query,Chartmetric field appears to be in different units or corrupt for this artist; precedence applied blindly with no plausibility check,"Add a plausibility guard to the merge: where providers disagree by more than an order of magnitude, flag rather than silently prefer. Decision on which value to keep is NBS's.",correct at source
D-13,HIGH,build_nbs_accounts.py,Observed split is aggregated portfolio-wide then applied uniformly to every artist,One quarterly ratio (sum of Nigerian listeners / sum of total listeners) is computed and applied to every artist's revenue. Per-artist geography EXISTS in Geography_Full_Daily.csv.gz but is not used. The ratio is AGG; its application to an individual artist is ASM. Evidence base is ~90% of artists in the overlap quarters (e.g. Q2_2025: 644 of 716 have a domestic observation).,_audit/validation/split_basis.txt,Aggregate ratio was simpler and matched the shape of the old fixed-share model,"Either compute per-artist splits from the geography already held, or relabel the artist-level figure as ASM in every artifact",correct at source
D-14,MEDIUM,old delivered file,"426 of 638 rows in the old file use ESTIMATED YouTube views, not observed","youtube_views_source column: 'estimated' 426 rows, 'actual' 212. The old file's YouTube revenue is therefore two-thirds estimated. The new file uses observed channel-view deltas throughout. This accounts for -$6,837,373 of the streaming base change.",_audit/validation/attribution.txt,Chartmetric track-level views denied; old pipeline substituted subscribers x 15,None needed in the new file; document that the old figure was largely estimated,document limitation
D-15,CRITICAL,quarterly aggregation,Stock treated as flow: YouTube_channel_views_daily aggregated with rule 'sum',"The metric is a cumulative counter (the catalogue's own limitation text says 'use net_change between dates for period volume') but both catalogues declare aggregation_rule='sum'. The merge Aggregator therefore sums ~90 daily LEVELS per quarter. 8,012 cells affected in Quarterly_Aggregates_Full.csv, summed total 62,589,979,921,793 'views'. Reference: Davido Q2_2025 published 177,639,619,700 vs correct net change 125,410,400 - inflation 1,416x. Reaches workbook 10 Quarterly_Headline (Q2_2025 cell 4,695,210,238,738) and Artist_Quarterly. Revenue is NOT affected: build_nbs_accounts.py:167 takes the quarter delta, clamped >=0.",_audit/validation/stock_flow_audit.txt; backend/nmas/metrics.py:102; backend/nmas/soundcharts_metrics.py:76,aggregation_rule copied from the catalogue where the limitation note and the rule contradict each other; the old delivery emitted zeros for this variable so the defect never produced a visible number until the new pipeline populated it,"Change aggregation_rule to net_change for YouTube_channel_views_daily in both catalogues (rule-based; regenerates), regenerate merge->standardise->workbooks->console. Also emit negative-delta quarters as blank-not-zero in aggregates or clamp with the same rule as revenue.",correct at source
D-16,MINOR,published artist counts,Row count published as an artist headcount: the console reported '131 artists' in 25 places when the master list holds 131 ROWS describing 130 distinct artists,"""Flavour"" and ""Flavour N'abania"" are one artist carried twice in the population frame under Chartmetric ids 56982 and 372062. Both identities are status='verified' and both produce a revenue row in all five delivered quarters, so the FIRST submission double counted the artist: $3,417,762.76 of delivered revenue sits under the alias, and its flat cost model billed N=131 rather than 130. The pipeline already deduplicated this (build_nbs_accounts.py), so no canonical figure is wrong; the defect was confined to the published console, which asserted a row count under the word 'artists'. Two of the claims were runtime templates ('{stats.universe} artists') that a source grep could not see and were caught only by rendering the page.",backend/nmas/cohort.py; frontend/src/generated/cohortFacts.ts; _audit/validation/cohort_facts_drift_test.py; console GAP-033,"The alias map existed as a copy-pasted literal in two build scripts and was never exposed to the frontend, so the console had no way to know a row count and an artist count differed","Derive both counts in nmas/cohort.py from the delivered file, mirror them into a generated frontend artifact, and state each figure under its own name: MASTER_LIST_ROWS (131), DISTINCT_ARTISTS (130), COST_MODEL_N (131, kept because it records what the shipped cost model actually billed). GAP-033 now names the duplicate and its provider ids. Guarded by a drift test with four arms, each proven to fail on a planted defect.",correct at source
