artist_name,country,region,state_area,genre_category,representative_song,in_sample,cm_artist_id,spotify_id,youtube_id,label,source
2Baba,NG,South,Benue,,"African Queen, Implication",Y,180612,,,,NMAS sample (delivered Q1 2024 – Q4 2025)
9ice,NG,South,Oyo,,"Gongo Aso, Photocopy",Y,3683,,,,NMAS sample (delivered Q1 2024 – Q4 2025)
Adekunle Gold,NG,South,Lagos,,Sade,Y,640717,,,,NMAS sample (delivered Q1 2024 – Q4 2025)
Ajebutter22,NG,,,,,Y,202020,,,,NMAS sample (delivered Q1 2024 – Q4 2025)
Amaarae,NG,,,,,Y,834689,,,,NMAS sample (delivered Q1 2024 – Q4 2025)
Asake,NG,South,Lagos,,"Lonely at the Top, Sungba",Y,1779041,,,,NMAS sample (delivered Q1 2024 – Q4 2025)
Ayra Starr,NG,South,Lagos,,"Rush, Bloody Samaritan",Y,4200054,,,,NMAS sample (delivered Q1 2024 – Q4 2025)
Aṣa,NG,,,,,Y,63541,,,,NMAS sample (delivered Q1 2024 – Q4 2025)
Bad Boy Timz,NG,South,,,,Y,1596343,,,,NMAS sample (delivered Q1 2024 – Q4 2025)
Banky W.,NG,South,Lagos,,Lagos Party,Y,107373,,,,NMAS sample (delivered Q1 2024 – Q4 2025)
Bayanni,NG,,,,,Y,9591956,,,,NMAS sample (delivered Q1 2024 – Q4 2025)
Bella Shmurda,NG,South,Lagos,,"Cash App, Dagbana",Y,1526513,,,,NMAS sample (delivered Q1 2024 – Q4 2025)
Blaqbonez,NG,South,Lagos,,Like Ice Spice,Y,880055,,,,NMAS sample (delivered Q1 2024 – Q4 2025)
Bloody Civilian,NG,,,,,Y,9901852,,,,NMAS sample (delivered Q1 2024 – Q4 2025)
BNXN,NG,South,Lagos,,"Gwagwalada, Mood",Y,1363515,,,,NMAS sample (delivered Q1 2024 – Q4 2025)
Boj,NG,,,,,Y,317847,,,,NMAS sample (delivered Q1 2024 – Q4 2025)
Boy Spyce,NG,,,,,Y,6124353,,,,NMAS sample (delivered Q1 2024 – Q4 2025)
Bracket,NG,,,,,Y,712,,,,NMAS sample (delivered Q1 2024 – Q4 2025)
Brymo,NG,South,,,,Y,15051,,,,NMAS sample (delivered Q1 2024 – Q4 2025)
Burna Boy,NG,South,Rivers,,"Last Last, Ye",Y,441923,,,,NMAS sample (delivered Q1 2024 – Q4 2025)
CDQ,NG,,,,,Y,101087,,,,NMAS sample (delivered Q1 2024 – Q4 2025)
Chike,NG,South,Anambra,,"Running, On the Moon",Y,1139022,,,,NMAS sample (delivered Q1 2024 – Q4 2025)
CKay,NG,South,Anambra,,"Love Nwantiti, Emiliana",Y,919695,,,,NMAS sample (delivered Q1 2024 – Q4 2025)
Crayon,NG,,,,,Y,1705853,,,,NMAS sample (delivered Q1 2024 – Q4 2025)
Cruel Santino,NG,,,,,Y,921836,,,,NMAS sample (delivered Q1 2024 – Q4 2025)
D'banj,NG,South,Ogun,,Fall in Love,Y,3225,,,,NMAS sample (delivered Q1 2024 – Q4 2025)
Dammy Krane,NG,,,,,Y,423004,,,,NMAS sample (delivered Q1 2024 – Q4 2025)
Darey,NG,,,,,Y,510303,,,,NMAS sample (delivered Q1 2024 – Q4 2025)
Darkoo,NG,,,,,Y,821653,,,,NMAS sample (delivered Q1 2024 – Q4 2025)
Davido,NG,South,Osun,,"Unavailable, Fall",Y,4723,,,,NMAS sample (delivered Q1 2024 – Q4 2025)
Dice Ailes,NG,,,,,Y,627972,,,,NMAS sample (delivered Q1 2024 – Q4 2025)
DJ Cuppy,NG,,,,,Y,12822800,,,,NMAS sample (delivered Q1 2024 – Q4 2025)
DJ Neptune,NG,South,,,,Y,269281,,,,NMAS sample (delivered Q1 2024 – Q4 2025)
DJ Spinall,NG,,,,,Y,1068888,,,,NMAS sample (delivered Q1 2024 – Q4 2025)
Dremo,NG,,,,,Y,367518,,,,NMAS sample (delivered Q1 2024 – Q4 2025)
Duncan Mighty,NG,South,Rivers,,Obianuju,Y,410515,,,,NMAS sample (delivered Q1 2024 – Q4 2025)
Ebenezer Obey,NG,,,,,Y,7794895,,,,NMAS sample (delivered Q1 2024 – Q4 2025)
Eldee,NG,North,,,,Y,543431,,,,NMAS sample (delivered Q1 2024 – Q4 2025)
Falz,NG,South,Lagos,,"Soldier, Bop Daddy",Y,5416,,,,NMAS sample (delivered Q1 2024 – Q4 2025)
Fela Kuti,NG,,,,,Y,1194,,,,NMAS sample (delivered Q1 2024 – Q4 2025)
Fireboy DML,NG,South,Ogun,,"Peru, Need You",Y,1359817,,,,NMAS sample (delivered Q1 2024 – Q4 2025)
Flavour,NG,South,Anambra,,"Nwa Baby, Ada Ada",Y,56982,,,,NMAS sample (delivered Q1 2024 – Q4 2025)
Flavour N'abania,NG,,,,,Y,372062,,,,NMAS sample (delivered Q1 2024 – Q4 2025)
HarrySong,NG,South,,,,Y,268217,,,,NMAS sample (delivered Q1 2024 – Q4 2025)
Ice Prince,NG,North,,,,Y,4107,,,,NMAS sample (delivered Q1 2024 – Q4 2025)
Illbliss,NG,,,,,Y,43445,,,,NMAS sample (delivered Q1 2024 – Q4 2025)
Iyanya,NG,,,,,Y,211380,,,,NMAS sample (delivered Q1 2024 – Q4 2025)
Jesse Jagz,NG,North,,,,Y,194174,,,,NMAS sample (delivered Q1 2024 – Q4 2025)
Joeboy,NG,South,Edo,,"Baby, Alcohol",Y,1141538,,,,NMAS sample (delivered Q1 2024 – Q4 2025)
Johnny Drille,NG,South,,,,Y,521793,,,,NMAS sample (delivered Q1 2024 – Q4 2025)
Khaid,NG,South,,,,Y,8358898,,,,NMAS sample (delivered Q1 2024 – Q4 2025)
King Sunny Ade,NG,,,,,Y,47108,,,,NMAS sample (delivered Q1 2024 – Q4 2025)
Kizz Daniel,NG,South,Ogun,,"Buga, One Ticket",Y,1033822,,,,NMAS sample (delivered Q1 2024 – Q4 2025)
Korede Bello,NG,,,,,Y,161462,,,,NMAS sample (delivered Q1 2024 – Q4 2025)
LADIPOE,NG,South,Lagos,,Feeling,Y,747150,,,,NMAS sample (delivered Q1 2024 – Q4 2025)
Lady Donli,NG,,,,,Y,629778,,,,NMAS sample (delivered Q1 2024 – Q4 2025)
Lagbaja,NG,,,,,Y,112315,,,,NMAS sample (delivered Q1 2024 – Q4 2025)
Libianca,NG,,,,,Y,3976019,,,,NMAS sample (delivered Q1 2024 – Q4 2025)
Lil Kesh,NG,,,,,Y,5380,,,,NMAS sample (delivered Q1 2024 – Q4 2025)
Lojay,NG,South,Lagos,,Monalisa,Y,1407482,,,,NMAS sample (delivered Q1 2024 – Q4 2025)
Lyta,NG,,,,,Y,883219,,,,NMAS sample (delivered Q1 2024 – Q4 2025)
M.I. Abaga,NG,South,Plateau,,"One Naira, Bad Belle",Y,57275,,,,NMAS sample (delivered Q1 2024 – Q4 2025)
Magixx,NG,,,,,Y,3385702,,,,NMAS sample (delivered Q1 2024 – Q4 2025)
Maleek Berry,NG,,,,,Y,5370,,,,NMAS sample (delivered Q1 2024 – Q4 2025)
Mannywellz,NG,,,,,Y,260858,,,,NMAS sample (delivered Q1 2024 – Q4 2025)
Mayorkun,NG,South,Lagos,,Geng,Y,261082,,,,NMAS sample (delivered Q1 2024 – Q4 2025)
Mohbad,NG,South,Ogun,,KPK,Y,1572633,,,,NMAS sample (delivered Q1 2024 – Q4 2025)
Mr Eazi,NG,South,Edo,,Leg Over,Y,211382,,,,NMAS sample (delivered Q1 2024 – Q4 2025)
Mr Real,NG,,,,,Y,818502,,,,NMAS sample (delivered Q1 2024 – Q4 2025)
Naeto C,NG,,,,,Y,429240,,,,NMAS sample (delivered Q1 2024 – Q4 2025)
Naira Marley,NG,South,Lagos,,Soapy,Y,427024,,,,NMAS sample (delivered Q1 2024 – Q4 2025)
Niniola,NG,South,Lagos,,"Maradona, Boda Sodiq",Y,409530,,,,NMAS sample (delivered Q1 2024 – Q4 2025)
Nonso Amadi,NG,,,,,Y,485812,,,,NMAS sample (delivered Q1 2024 – Q4 2025)
ODUMODUBLVCK,NG,South,,,,Y,3606151,,,,NMAS sample (delivered Q1 2024 – Q4 2025)
Odunsi,NG,,,,,Y,1439568,,,,NMAS sample (delivered Q1 2024 – Q4 2025)
Odunsi (The Engine),NG,South,,,,Y,11587,,,,NMAS sample (delivered Q1 2024 – Q4 2025)
Olakira,NG,,,,,Y,1103816,,,,NMAS sample (delivered Q1 2024 – Q4 2025)
Olamide,NG,South,Ogun,,"Rock, Melo Melo",Y,5061,,,,NMAS sample (delivered Q1 2024 – Q4 2025)
Olu Maintain,NG,,,,,Y,29054,,,,NMAS sample (delivered Q1 2024 – Q4 2025)
Omah Lay,NG,South,Rivers,,"Soso, Attention",Y,3578130,,,,NMAS sample (delivered Q1 2024 – Q4 2025)
Oritsefemi,NG,,,,,Y,3803802,,,,NMAS sample (delivered Q1 2024 – Q4 2025)
Oxlade,NG,South,Lagos,,Kulosa,Y,1373421,,,,NMAS sample (delivered Q1 2024 – Q4 2025)
P-Square,NG,South,,,,Y,3740,,,,NMAS sample (delivered Q1 2024 – Q4 2025)
Patoranking,NG,South,Lagos,,"My Woman My Everything, Celebrate Me",Y,5321,,,,NMAS sample (delivered Q1 2024 – Q4 2025)
Peruzzi,NG,,,,,Y,745195,,,,NMAS sample (delivered Q1 2024 – Q4 2025)
Pheelz,NG,,,,,Y,406946,,,,NMAS sample (delivered Q1 2024 – Q4 2025)
Phyno,NG,South,Anambra,,"Fada Fada, Connect",Y,5012,,,,NMAS sample (delivered Q1 2024 – Q4 2025)
Portable,NG,South,Ogun,,"Zazoo Zehh, ZaZoo",Y,8230229,,,,NMAS sample (delivered Q1 2024 – Q4 2025)
Praiz,NG,,,,,Y,310091,,,,NMAS sample (delivered Q1 2024 – Q4 2025)
Prettyboy D-O,NG,,,,,Y,918914,,,,NMAS sample (delivered Q1 2024 – Q4 2025)
Qing Madi,NG,South,,,,Y,9785228,,,,NMAS sample (delivered Q1 2024 – Q4 2025)
Reekado Banks,NG,South,Lagos,,Ozumba Mbadiwe,Y,237551,,,,NMAS sample (delivered Q1 2024 – Q4 2025)
Rema,NG,South,Edo,,Calm Down,Y,1426518,,,,NMAS sample (delivered Q1 2024 – Q4 2025)
Reminisce,NG,,,,,Y,317357,,,,NMAS sample (delivered Q1 2024 – Q4 2025)
Ric Hassani,NG,,,,,Y,638877,,,,NMAS sample (delivered Q1 2024 – Q4 2025)
Rude Boy,NG,South,,,,Y,1630426,,,,NMAS sample (delivered Q1 2024 – Q4 2025)
Ruger,NG,South,Lagos,,"Bounce, Asiwaju",Y,4198930,,,,NMAS sample (delivered Q1 2024 – Q4 2025)
Sarz,NG,,,,,Y,308113,,,,NMAS sample (delivered Q1 2024 – Q4 2025)
Sauce Kid,NG,,,,,Y,321148,,,,NMAS sample (delivered Q1 2024 – Q4 2025)
Sean Tizzle,NG,,,,,Y,203976,,,,NMAS sample (delivered Q1 2024 – Q4 2025)
Seyi Shay,NG,,,,,Y,39092,,,,NMAS sample (delivered Q1 2024 – Q4 2025)
Seyi Vibez,NG,South,Lagos,,Chance,Y,1637455,,,,NMAS sample (delivered Q1 2024 – Q4 2025)
Shallipopi,NG,South,,,,Y,6487237,,,,NMAS sample (delivered Q1 2024 – Q4 2025)
Show Dem Camp,NG,,,,,Y,655429,,,,NMAS sample (delivered Q1 2024 – Q4 2025)
Simi,NG,South,Lagos,,"Duduke, Joromi",Y,374667,,,,NMAS sample (delivered Q1 2024 – Q4 2025)
Skiibii,NG,South,,,,Y,680380,,,,NMAS sample (delivered Q1 2024 – Q4 2025)
Small Doctor,NG,,,,,Y,515515,,,,NMAS sample (delivered Q1 2024 – Q4 2025)
Solidstar,NG,,,,,Y,92994,,,,NMAS sample (delivered Q1 2024 – Q4 2025)
Sound Sultan,NG,South,Ogun,,Jagbajantis,Y,249694,,,,NMAS sample (delivered Q1 2024 – Q4 2025)
Spyro,NG,,,,,Y,536112,,,,NMAS sample (delivered Q1 2024 – Q4 2025)
Tay Iwar,NG,,,,,Y,565281,,,,NMAS sample (delivered Q1 2024 – Q4 2025)
Tekno,NG,South,Delta,,"Pana, Enjoy",Y,426512,,,,NMAS sample (delivered Q1 2024 – Q4 2025)
Tempoe,NG,,,,,Y,9190388,,,,NMAS sample (delivered Q1 2024 – Q4 2025)
Tems,NG,South,Lagos,,"Free Mind, Higher",Y,1345060,,,,NMAS sample (delivered Q1 2024 – Q4 2025)
Teni,NG,South,Ekiti,,Case,Y,349654,,,,NMAS sample (delivered Q1 2024 – Q4 2025)
Terri,NG,,,,,Y,883093,,,,NMAS sample (delivered Q1 2024 – Q4 2025)
Terry Apala,NG,,,,,Y,228944,,,,NMAS sample (delivered Q1 2024 – Q4 2025)
Timaya,NG,South,Bayelsa,,"Dem Mama, Sanko",Y,210713,,,,NMAS sample (delivered Q1 2024 – Q4 2025)
Tiwa Savage,NG,South,Ogun,,"Eminado, Somebody’s Son",Y,4686,,,,NMAS sample (delivered Q1 2024 – Q4 2025)
Vector,NG,South,Lagos,,King Kong,Y,170806,,,,NMAS sample (delivered Q1 2024 – Q4 2025)
Victony,NG,,,,,Y,3905071,,,,NMAS sample (delivered Q1 2024 – Q4 2025)
Waje,NG,,,,,Y,429450,,,,NMAS sample (delivered Q1 2024 – Q4 2025)
Wande Coal,NG,,,,,Y,3499,,,,NMAS sample (delivered Q1 2024 – Q4 2025)
Wizkid,NG,South,Lagos,,"Essence, Ojuelegba",Y,4390,,,,NMAS sample (delivered Q1 2024 – Q4 2025)
WurlD,NG,,,,,Y,424613,,,,NMAS sample (delivered Q1 2024 – Q4 2025)
Ycee,NG,South,Lagos,,Jagaban,Y,5382,,,,NMAS sample (delivered Q1 2024 – Q4 2025)
Yemi Alade,NG,South,Edo,,"Johnny, Oh My Gosh",Y,211381,,,,NMAS sample (delivered Q1 2024 – Q4 2025)
Young Jonn,NG,South,,,,Y,1186093,,,,NMAS sample (delivered Q1 2024 – Q4 2025)
Yung6ix,NG,,,,,Y,5060,,,,NMAS sample (delivered Q1 2024 – Q4 2025)
Zinoleesky,NG,South,Lagos,,Gone Far,Y,1582294,,,,NMAS sample (delivered Q1 2024 – Q4 2025)
Zlatan,NG,South,Ogun,,Lagos Anthem,Y,392233,,,,NMAS sample (delivered Q1 2024 – Q4 2025)
$tretto,NG,,,Charting Artist,,N,,,,,TurnTable Charts (turntablecharts.com/charts/1 Top 100)
6UFF,NG,,,Charting Artist,,N,,,,,TurnTable Charts (turntablecharts.com/charts/1 Top 100)
A-Q,NG,,,Multi-genre,,N,,,,,Wikipedia – List of Nigerian musicians
Abass Akande Obesere,NG,,,Fuji/Apala,,N,,,,,Curated population frame (publicly known NG artists)
Abbey Ojomu,NG,South,,,,N,,,,,"User-curated list (6 batches, Apr 2026)"
Abdu Boda,NG,North,Northern Nigeria,Hausa/Northern,Asha Ruwa,N,,,,,"User-curated list (6 batches, Apr 2026)"
Abdul D One,NG,North,Kano,Hausa/Northern,Babu Ke,N,,,,,Hausa/Northern sources (Wikipedia Hausa music + Last.fm + trade press); User-curated list
Abdullahi Danko,NG,North,Kano,Hausa/Northern,Hawaye,N,,,,,"User-curated list (6 batches, Apr 2026)"
Abefe,NG,,,Charting Artist,,N,,,,,kworb.net Nigeria Spotify daily chart
Abibu Oluwa,NG,,,Multi-genre,,N,,,,,Wikipedia – Category:Nigerian musicians
Abiodun,NG,,,Multi-genre,,N,,,,,Wikipedia – Category:Nigerian musicians
Abiodun Duro-Ladipo,NG,,,Yoruba,,N,,,,,Wikipedia – Category:Yoruba-language Nigerian singers
Abiodun Koya,NG,,,Multi-genre,,N,,,,,Wikipedia – List of Nigerian musicians
Abubakar Sani,NG,,,Hausa/Northern,,N,,,,,Hausa/Northern sources (Wikipedia Hausa music + Last.fm + trade press)
AcebergTM,NG,,,Multi-genre,,N,,,,,Wikipedia – Category:Nigerian musicians
Ada Ehi,NG,South,,Multi-genre,,N,,,,,Wikipedia – List of Nigerian musicians; User-curated list
Adam A. Zango,NG,North,Kaduna,Male Singer,"Baba Allah, Mata, Matan Arewa",N,,,,,Wikipedia – Category:Nigerian male singers; User-curated list
Adedoyin Oseni,NG,,,Gospel,,N,,,,,Wikipedia – Nigerian gospel musicians (list + category)
Adewale Ayuba,NG,,,Multi-genre,,N,,,,,Wikipedia – List of Nigerian musicians
Ado Gwanja,NG,North,Kano,Multi-genre,"Mariya, Aure",N,,,,,Wikipedia – List of Nigerian musicians; User-curated list
Ado Ibro,NG,North,Kano,Hausa/Northern,"Kwana Casa’in, Mata",N,,,,,"User-curated list (6 batches, Apr 2026)"
Adé Bantu,NG,,,Multi-genre,,N,,,,,Wikipedia – List of Nigerian musicians
Afrikan Boy,NG,,,Multi-genre,,N,,,,,Wikipedia – List of Nigerian musicians
Afro Candy,NG,,,Multi-genre,,N,,,,,Wikipedia – List of Nigerian musicians
Agbonayinma Ehiozuwa,NG,,,Multi-genre,,N,,,,,Wikipedia – Category:Nigerian musicians
Agboola Shadare,NG,,,Producer-Artist,,N,,,,,Wikipedia – Category:Nigerian record producers
Ahmad S. Nuhu,NG,North,Bauchi,Hausa/Northern,Muna Kauna,N,,,,,"User-curated list (6 batches, Apr 2026)"
Aisosa,NG,,,Charting Artist,,N,,,,,TurnTable Charts (turntablecharts.com/charts/1 Top 100)
Ajebo Hustlers,NG,,,Highlife,,N,,,,,Wikipedia – Category:Nigerian highlife musicians
Ajofé,NG,,,Producer-Artist,,N,,,,,Wikipedia – Category:Nigerian record producers
Akanbi Wright,NG,,,Multi-genre,,N,,,,,Wikipedia – Category:Nigerian musicians
Al Xapo,NG,,,Charting Artist,,N,,,,,TurnTable Charts (turntablecharts.com/charts/1 Top 100)
Alamu Atatalo,NG,,,Multi-genre,,N,,,,,Wikipedia – List of Nigerian musicians
Ali Jita,NG,North,Kano,Multi-genre,"Madam, Saminai Remix, Gwamnatin So",N,,,,,Wikipedia – List of Nigerian musicians; User-curated list
Alpha P,NG,,,Male Singer,,N,,,,,Wikipedia – Category:Nigerian male singers
Altims,NG,,,Producer-Artist,,N,,,,,Curated population frame (publicly known NG artists)
Al’ameen,NG,North,Kano,Hausa/Northern,"Matar So, Kauna",N,,,,,"User-curated list (6 batches, Apr 2026)"
Amarachi,NG,,,Multi-genre,,N,,,,,Wikipedia – List of Nigerian musicians
Aminu Ala,NG,,,Multi-genre,,N,,,,,Wikipedia – Category:Nigerian musicians
Aminu Alan Waka,NG,,,Hausa/Northern,,N,,,,,Hausa/Northern sources (Wikipedia Hausa music + Last.fm + trade press)
Aminu Ladan,NG,North,,Hausa/Northern,,N,,,,,"User-curated list (6 batches, Apr 2026)"
Amma,NG,,,Charting Artist,,N,,,,,TurnTable Charts (turntablecharts.com/charts/1 Top 100)
Andre Blaze,NG,,,Multi-genre,,N,,,,,Wikipedia – List of Nigerian musicians
Andre Vibez,NG,,,Producer-Artist,,N,,,,,Wikipedia – Category:Nigerian record producers
Anike,NG,,,Female Rapper,,N,,,,,Wikipedia – Category:Nigerian women rappers
Anyidons,NG,South,,,,N,,,,,"User-curated list (6 batches, Apr 2026)"
AQT,NG,,,Multi-genre,,N,,,,,Wikipedia – List of Nigerian musicians
Ara,NG,,,Multi-genre,,N,,,,,Wikipedia – List of Nigerian musicians
Aramide,NG,,,Multi-genre,,N,,,,,Wikipedia – List of Nigerian musicians
Artquake,NG,,,2000s-era,,N,,,,,Curated population frame (publicly known NG artists)
ARTSALGHUL,NG,,,Charting Artist,,N,,,,,TurnTable Charts (turntablecharts.com/charts/1 Top 100)
Asuquomo,NG,,,Multi-genre,,N,,,,,Wikipedia – List of Nigerian musicians
Audo Yaron Goje,NG,,,Hausa/Northern,,N,,,,,Hausa/Northern sources (Wikipedia Hausa music + Last.fm + trade press)
Auta Mg Boy,NG,North,,Hausa/Northern,,N,,,,,Hausa/Northern sources (Wikipedia Hausa music + Last.fm + trade press); User-curated list
Auta Waziri,NG,North,Sokoto,Hausa/Northern,"Matar Aure, Soyayya, Uwa",N,,,,,"User-curated list (6 batches, Apr 2026)"
Auwal Danladi,NG,North,Katsina,Hausa/Northern,Hankali,N,,,,,"User-curated list (6 batches, Apr 2026)"
Ayeloyun,NG,,,Yoruba,,N,,,,,Wikipedia – Category:Yoruba-language Nigerian singers
Ayinde Bakare,NG,,,Multi-genre,,N,,,,,Wikipedia – List of Nigerian musicians
Ayinde Barrister,NG,,,Yoruba,,N,,,,,Wikipedia – Category:Yoruba-language Nigerian singers
Ayinla Kollington,NG,,,Multi-genre,,N,,,,,Wikipedia – List of Nigerian musicians
Ayinla Omowura,NG,,,Multi-genre,,N,,,,,Wikipedia – List of Nigerian musicians
Ayjay bobo,NG,,,Charting Artist,,N,,,,,TurnTable Charts (turntablecharts.com/charts/1 Top 100)
Ayo Maff,NG,South,,Multi-genre,,N,,,,,Wikipedia – List of Nigerian musicians; User-curated list
Ayo Vincent,NG,,,Gospel,,N,,,,,Wikipedia – Nigerian gospel musicians (list + category)
Ayola,NG,,,Multi-genre,,N,,,,,Wikipedia – List of Nigerian musicians
Ayomaf,NG,South,,,,N,,,,,"User-curated list (6 batches, Apr 2026)"
Azanti,NG,,,Singer,,N,,,,,Wikipedia – Category:Nigerian singers
B.O.C Madaki,NG,North,Kano,Hausa/Northern,"Matar Jami’a, Harmattan, Kowa",N,,,,,Hausa/Northern sources (Wikipedia Hausa music + Last.fm + trade press); User-curated list
Babatunde Olatunji,NG,,,Multi-genre,,N,,,,,Wikipedia – List of Nigerian musicians
Babyboy AV,NG,,,Multi-genre,,N,,,,,Wikipedia – List of Nigerian musicians
BabyDaiz,NG,,,Charting Artist,,N,,,,,kworb.net Nigeria Spotify daily chart
Babá Ken Okulolo,NG,,,Highlife,,N,,,,,Wikipedia – Category:Nigerian highlife musicians
Bala Miller,NG,,,Multi-genre,,N,,,,,Wikipedia – Category:Nigerian musicians
Balarabe Maikura,NG,North,Kano,Hausa/Northern,"Kudi, Rayuwa",N,,,,,"User-curated list (6 batches, Apr 2026)"
Balloranking,NG,,,Afrobeats/Afropop,,N,,,,,Curated population frame (publicly known NG artists)
Bantu,NG,,,Highlife,,N,,,,,Wikipedia – Category:Nigerian highlife musicians
Barbara Soky,NG,,,Multi-genre,,N,,,,,Wikipedia – Category:Nigerian musicians
Barmani Choge,NG,,,Hausa/Northern,,N,,,,,Hausa/Northern sources (Wikipedia Hausa music + Last.fm + trade press)
Barry Jhay,NG,South,,Afrobeats/Afropop,,N,,,,,Wikipedia – Category:Nigerian Afrobeats musicians; User-curated list
Batile Alake,NG,,,Yoruba,,N,,,,,Wikipedia – Category:Yoruba-language Nigerian singers
Bawa Bula,NG,North,Niger,Hausa/Northern,Kyakkyawa,N,,,,,"User-curated list (6 batches, Apr 2026)"
BBO,NG,,,Charting Artist,,N,,,,,kworb.net Nigeria Spotify daily chart
Beautiful Nubia,NG,South,,Yoruba,,N,,,,,Wikipedia – Category:Yoruba-language Nigerian singers; User-curated list
Beezy X,NG,,,Charting Artist,,N,,,,,TurnTable Charts (turntablecharts.com/charts/1 Top 100)
Bella Alubo,NG,South,Edo,,Lagos 2 Abuja,N,,,,,"User-curated list (6 batches, Apr 2026)"
Bella Kay,NG,,,Charting Artist,,N,,,,,TurnTable Charts (turntablecharts.com/charts/1 Top 100)
Bello Sisqo,NG,,,Producer-Artist,,N,,,,,Wikipedia – Category:Nigerian record producers
BenjiFlow,NG,,,Alté/Indie,,N,,,,,Curated population frame (publicly known NG artists)
Benzoo,NG,,,Charting Artist,,N,,,,,TurnTable Charts (turntablecharts.com/charts/1 Top 100)
Bhadboi OML,NG,,,Charting Artist,,N,,,,,TurnTable Charts (turntablecharts.com/charts/1 Top 100)
Bhadboy OML,NG,,,Charting Artist,,N,,,,,kworb.net Nigeria Apple Music chart
Bidemi Olaoba,NG,,,Gospel,,N,,,,,Wikipedia – Nigerian gospel musicians (list + category)
Billar Stoner,NG,,,Multi-genre,,N,,,,,Wikipedia – Category:Nigerian musicians
Blackface Naija,NG,,,Multi-genre,,N,,,,,Wikipedia – List of Nigerian musicians
Blackmagic,NG,,,Multi-genre,,N,,,,,Wikipedia – List of Nigerian musicians
Blaisebeatz,NG,,,Producer-Artist,,N,,,,,Wikipedia – Category:Nigerian record producers
Blessing Offor,NG,,,Male Singer,,N,,,,,Wikipedia – Category:Nigerian male singers
Bobby Benson,NG,,,Yoruba,,N,,,,,Wikipedia – Category:Yoruba-language Nigerian singers
Boi Chase,NG,,,Charting Artist,,N,,,,,TurnTable Charts (turntablecharts.com/charts/1 Top 100)
Bola Abimbola,NG,,,Producer-Artist,,N,,,,,Wikipedia – Category:Nigerian record producers
Bola Are,NG,,,Gospel,,N,,,,,Wikipedia – Nigerian gospel musicians (list + category)
Bongos Ikwue,NG,,,Multi-genre,,N,,,,,Wikipedia – List of Nigerian musicians
Boogey,NG,,,Hip-Hop/Rap,,N,,,,,Curated population frame (publicly known NG artists)
Bouqui,NG,,,Female Rapper,,N,,,,,Wikipedia – Category:Nigerian women rappers
Boy Muller,NG,,,Charting Artist,,N,,,,,TurnTable Charts (turntablecharts.com/charts/1 Top 100)
BoyPee,NG,,,Charting Artist,,N,,,,,Wikipedia – List of number-one songs in Nigeria (2023–2026)
Boyskido,NG,North,,Hausa/Northern,,N,,,,,"User-curated list (6 batches, Apr 2026)"
Bright Chimezie,NG,,,Igbo,,N,,,,,Wikipedia – Category:Igbo-language singers
Broda Shaggi,NG,South,,,,N,,,,,"User-curated list (6 batches, Apr 2026)"
Brown Joel,NG,,,Charting Artist,,N,,,,,Wikipedia – List of number-one songs in Nigeria (2023–2026)
Buchi,NG,,,Gospel,,N,,,,,Curated population frame (publicly known NG artists)
Candy Bleakz,NG,,,Charting Artist,,N,,,,,TurnTable Charts (turntablecharts.com/charts/1 Top 100)
Ceeboi,NG,,,Hausa/Northern,,N,,,,,Hausa/Northern sources (Wikipedia Hausa music + Last.fm + trade press)
Celestine Ukwu,NG,,,Multi-genre,,N,,,,,Wikipedia – List of Nigerian musicians
Champz,NG,South,,,,N,,,,,"User-curated list (6 batches, Apr 2026)"
Charly Boy,NG,,,Multi-genre,,N,,,,,Wikipedia – List of Nigerian musicians
Chech,NG,,,Charting Artist,,N,,,,,TurnTable Charts (turntablecharts.com/charts/1 Top 100)
Chella,NG,,,Multi-genre,,N,,,,,Wikipedia – List of Nigerian musicians
Cheque,NG,South,,,,N,,,,,"User-curated list (6 batches, Apr 2026)"
Chidinma,NG,,,Multi-genre,,N,,,,,Wikipedia – List of Nigerian musicians
Chief Stephen Osita Osadebe,NG,,,Igbo,,N,,,,,Wikipedia – Category:Igbo-language singers
Chigozie Wisdom,NG,,,Gospel,,N,,,,,Wikipedia – Nigerian gospel musicians (list + category)
Chinko Ekun,NG,,,Multi-genre,,N,,,,,Wikipedia – List of Nigerian musicians
Chinyere Udoma,NG,,,Multi-genre,,N,,,,,Wikipedia – List of Nigerian musicians
Chioma Jesus,NG,,,Gospel,,N,,,,,Wikipedia – Nigerian gospel musicians (list + category)
Chopstix,NG,,,Producer-Artist,,N,,,,,Wikipedia – Category:Nigerian record producers
Chris Ajilo,NG,,,Highlife,,N,,,,,Wikipedia – Category:Nigerian highlife musicians
Chris Delvan Gwamna,NG,,,Multi-genre,,N,,,,,Wikipedia – Category:Nigerian musicians
Christy Essien-Igbokwe,NG,,,Multi-genre,,N,,,,,Wikipedia – List of Nigerian musicians
Christy Ogbah,NG,,,Multi-genre,,N,,,,,Wikipedia – Category:Nigerian musicians
Ciza,NG,,,Charting Artist,,N,,,,,kworb.net Nigeria Apple Music chart
Classiq,NG,North,Kaduna,Hausa/Northern,"Karammiskiya, Gudu, Taraba",N,,,,,Hausa/Northern sources (Wikipedia Hausa music + Last.fm + trade press); User-curated list
Cobhams Asuquo,NG,South,Cross River,Multi-genre,"Ordinary People, One Hit",N,,,,,Wikipedia – List of Nigerian musicians; User-curated list
Comfort Omoge,NG,,,Multi-genre,,N,,,,,Wikipedia – Category:Nigerian musicians
Cornelius Adam Igbudu,NG,,,Singer,,N,,,,,Wikipedia – Category:Nigerian singers
CupidSzn,NG,South,,,,N,,,,,"User-curated list (6 batches, Apr 2026)"
Cynthia Morgan,NG,,,Multi-genre,,N,,,,,Wikipedia – List of Nigerian musicians
D'Prince,NG,,,Multi-genre,,N,,,,,Wikipedia – List of Nigerian musicians
Da Emperor,NG,,,Multi-genre,,N,,,,,Wikipedia – List of Nigerian musicians
Da Grin,NG,,,Multi-genre,,N,,,,,Wikipedia – List of Nigerian musicians
Daddy Fresh,NG,,,Reggae/Dancehall,,N,,,,,Curated population frame (publicly known NG artists)
Daddy Showkey,NG,,,Multi-genre,,N,,,,,Wikipedia – List of Nigerian musicians
Daecolm,NG,,,Charting Artist,,N,,,,,kworb.net Nigeria Spotify daily chart
Dahiru Mai Lafiya,NG,,,Hausa/Northern,,N,,,,,Hausa/Northern sources (Wikipedia Hausa music + Last.fm + trade press)
Dahiru Wali,NG,North,,Hausa/Northern,,N,,,,,"User-curated list (6 batches, Apr 2026)"
Dami Oniru,NG,,,Alté/Indie,,N,,,,,Curated population frame (publicly known NG artists)
Dan Maraya,NG,,,Hausa/Northern,,N,,,,,Hausa/Northern sources (Wikipedia Hausa music + Last.fm + trade press)
Dan Maraya Jos,NG,,,Hausa/Northern,,N,,,,,Hausa/Northern sources (Wikipedia Hausa music + Last.fm + trade press)
Dan Musa,NG,North,Jigawa,Hausa/Northern,"Zuciya, Soyayya",N,,,,,Hausa/Northern sources (Wikipedia Hausa music + Last.fm + trade press); User-curated list
Dan Musa New Prince,NG,North,Northern Nigeria,Hausa/Northern,Auren Ahmed & Aisha,N,,,,,"User-curated list (6 batches, Apr 2026)"
Dandizzy,NG,,,Multi-genre,,N,,,,,Wikipedia – Category:Nigerian musicians
Dapo Torimiro,NG,,,Producer-Artist,,N,,,,,Wikipedia – Category:Nigerian record producers
Dareysteel,NG,,,Producer-Artist,,N,,,,,Wikipedia – Category:Nigerian record producers
Dauda Epo-Akara,NG,,,Multi-genre,,N,,,,,Wikipedia – List of Nigerian musicians
Dauda Kahutu Rarara,NG,North,Kano,Hausa/Northern,"Rika Dai Dijima, Sai Baba",N,,,,,Hausa/Northern sources (Wikipedia Hausa music + Last.fm + trade press); User-curated list
Davolee,NG,South,,,,N,,,,,"User-curated list (6 batches, Apr 2026)"
Dede Mabiaku,NG,,,Afrobeat,,N,,,,,Curated population frame (publicly known NG artists)
Deena Ade,NG,,,Alté/Indie,,N,,,,,Curated population frame (publicly known NG artists)
Deezell,NG,,,Hausa/Northern,,N,,,,,Hausa/Northern sources (Wikipedia Hausa music + Last.fm + trade press)
Dekumzy,NG,,,Multi-genre,,N,,,,,Wikipedia – List of Nigerian musicians
Dele Ojo,NG,,,Multi-genre,,N,,,,,Wikipedia – List of Nigerian musicians
Dele Taiwo,NG,,,Juju,,N,,,,,Curated population frame (publicly known NG artists)
Dencia,NG,,,Pop,,N,,,,,Wikipedia – Category:Nigerian pop singers
Deobi,NG,,,Charting Artist,,N,,,,,TurnTable Charts (turntablecharts.com/charts/1 Top 100)
DETO BLACK,NG,,,Charting Artist,,N,,,,,kworb.net Nigeria Spotify daily chart
Di'Ja,NG,South,Kaduna,Multi-genre,Akwaba,N,,,,,Wikipedia – List of Nigerian musicians; User-curated list
Dizzy K Falola,NG,,,Yoruba,,N,,,,,Wikipedia – Category:Yoruba-language Nigerian singers
DJ 4Kerty,NG,North,,Hausa/Northern,,N,,,,,"User-curated list (6 batches, Apr 2026)"
DJ AB,NG,North,Kaduna,Producer-Artist,"Totally, Kude, Babarsa",N,,,,,Wikipedia – Category:Nigerian record producers; User-curated list
DJ AB 442,NG,,,Hausa/Northern,,N,,,,,Hausa/Northern sources (Wikipedia Hausa music + Last.fm + trade press)
DJ Baddo,NG,North,Kano,Hausa/Northern,Northern Mix,N,,,,,"User-curated list (6 batches, Apr 2026)"
DJ Bally,NG,,,Afrobeats/Afropop,,N,,,,,Wikipedia – Category:Nigerian Afrobeats musicians
DJ Big N,NG,,,Producer-Artist,,N,,,,,Wikipedia – Category:Nigerian record producers
DJ Caise,NG,,,Producer-Artist,,N,,,,,Wikipedia – Category:Nigerian record producers
DJ Coublon,NG,,,Producer-Artist,,N,,,,,Wikipedia – Category:Nigerian record producers
DJ Enimoney,NG,,,DJ,,N,,,,,Wikipedia – Category:Nigerian DJs
DJ Kaywise,NG,,,Producer-Artist,,N,,,,,Wikipedia – Category:Nigerian record producers
DJ Shawn,NG,,,Producer-Artist,,N,,,,,Wikipedia – Category:Nigerian record producers
DJ Switch,NG,,,DJ,,N,,,,,Wikipedia – Category:Nigerian DJs
DJ Tunez,NG,,,Producer-Artist,,N,,,,,Wikipedia – Category:Nigerian record producers
DJ Xclusive,NG,,,DJ,,N,,,,,Wikipedia – Category:Nigerian DJs
Don Jazzy,NG,,,Multi-genre,,N,,,,,Wikipedia – List of Nigerian musicians
DOTTi The Deity,NG,,,Multi-genre,,N,,,,,Wikipedia – List of Nigerian musicians
Douyé,NG,,,Producer-Artist,,N,,,,,Wikipedia – Category:Nigerian record producers
Dr Roy,NG,,,Multi-genre,,N,,,,,Wikipedia – Category:Nigerian musicians
Dr SID,NG,,,Multi-genre,,N,,,,,Wikipedia – List of Nigerian musicians
Dr Sir Warrior,NG,,,Multi-genre,,N,,,,,Wikipedia – List of Nigerian musicians
Dr. Alban,NG,,,Multi-genre,,N,,,,,Wikipedia – List of Nigerian musicians
DRB Lasgidi,NG,,,Alté/Indie,,N,,,,,Curated population frame (publicly known NG artists)
Dunni Olanrewaju,NG,,,Gospel,,N,,,,,Wikipedia – Nigerian gospel musicians (list + category)
Dunsin Oyekan,NG,South,,Gospel,,N,,,,,Curated population frame (publicly known NG artists); User-curated list
Eben,NG,,,Gospel,,N,,,,,Wikipedia – Nigerian gospel musicians (list + category)
Ebuka Songs,NG,,,Multi-genre,,N,,,,,Wikipedia – List of Nigerian musicians
Echezonachukwu Nduka,NG,,,Multi-genre,,N,,,,,Wikipedia – List of Nigerian musicians
Ecool,NG,,,Charting Artist,,N,,,,,kworb.net Nigeria Spotify daily chart
Eddy Wata,NG,,,Multi-genre,,N,,,,,Wikipedia – List of Nigerian musicians
EdoMan,NG,,,Afrobeats/Afropop,,N,,,,,Wikipedia – Category:Nigerian Afrobeats musicians
Eedris Abdulkareem,NG,,,Multi-genre,,N,,,,,Wikipedia – List of Nigerian musicians
EeQue,NG,,,Charting Artist,,N,,,,,TurnTable Charts (turntablecharts.com/charts/1 Top 100)
Efe Mac Roc,NG,,,Producer-Artist,,N,,,,,Wikipedia – Category:Nigerian record producers
Ego Ogbaro,NG,,,Multi-genre,,N,,,,,Wikipedia – List of Nigerian musicians
Ehis D'Greatest,NG,,,Multi-genre,,N,,,,,Wikipedia – List of Nigerian musicians
Ejyk Nwamba,NG,,,Multi-genre,,N,,,,,Wikipedia – Category:Nigerian musicians
el Mafrex,NG,,,Gospel,,N,,,,,Wikipedia – Nigerian gospel musicians (list + category)
Elestee,NG,South,,,,N,,,,,"User-curated list (6 batches, Apr 2026)"
ELMAH,NG,,,Charting Artist,,N,,,,,TurnTable Charts (turntablecharts.com/charts/1 Top 100)
Ema Onigah,NG,,,Charting Artist,,N,,,,,TurnTable Charts (turntablecharts.com/charts/1 Top 100)
Emeka Nwokedi,NG,,,Multi-genre,,N,,,,,Wikipedia – List of Nigerian musicians
Emma Nyra,NG,,,Multi-genre,,N,,,,,Wikipedia – List of Nigerian musicians
Emmanuel Iren,NG,,,Gospel,,N,,,,,Wikipedia – Nigerian gospel musicians (list + category)
EmmaOMG,NG,,,Charting Artist,,N,,,,,TurnTable Charts (turntablecharts.com/charts/1 Top 100)
Emmkoo,NG,South,,,,N,,,,,"User-curated list (6 batches, Apr 2026)"
Emmy Gee,NG,,,Multi-genre,,N,,,,,Wikipedia – List of Nigerian musicians
Erigga,NG,South,,Multi-genre,,N,,,,,Wikipedia – List of Nigerian musicians; User-curated list
Eskeez,NG,,,Producer-Artist,,N,,,,,Curated population frame (publicly known NG artists)
Eso Dike,NG,,,Multi-genre,,N,,,,,Wikipedia – Category:Nigerian musicians
Eva Alordiah,NG,,,Multi-genre,,N,,,,,Wikipedia – List of Nigerian musicians
Evado,NG,,,Charting Artist,,N,,,,,TurnTable Charts (turntablecharts.com/charts/1 Top 100)
Evi Edna Ogholi,NG,,,Multi-genre,,N,,,,,Wikipedia – List of Nigerian musicians
Famous Pluto,NG,South,,Multi-genre,,N,,,,,Wikipedia – List of Nigerian musicians; User-curated list
Fatai Rolling Dollar,NG,,,Yoruba,,N,,,,,Wikipedia – Category:Yoruba-language Nigerian singers
Fati Niger,NG,North,Niger,Hausa/Northern,Yar Gaskiya,N,,,,,Hausa/Northern sources (Wikipedia Hausa music + Last.fm + trade press); User-curated list
Fave,NG,,,Multi-genre,,N,,,,,Wikipedia – Category:Nigerian musicians
Faze,NG,,,Multi-genre,,N,,,,,Wikipedia – List of Nigerian musicians
Feezy,NG,North,,Hausa/Northern,,N,,,,,"User-curated list (6 batches, Apr 2026)"
Feezy Northern,NG,North,,Hausa/Northern,,N,,,,,"User-curated list (6 batches, Apr 2026)"
Fela Sowande,NG,,,Multi-genre,,N,,,,,Wikipedia – List of Nigerian musicians
Femi Kuti,NG,,,Multi-genre,,N,,,,,Wikipedia – List of Nigerian musicians
Femi Leye,NG,,,Producer-Artist,,N,,,,,Wikipedia – Category:Nigerian record producers
Femi Temowo,NG,,,Yoruba,,N,,,,,Wikipedia – Category:Yoruba-language Nigerian singers
Fidelis Uchenna Okoro,NG,,,Multi-genre,,N,,,,,Wikipedia – Category:Nigerian musicians
Fido,NG,,,Charting Artist,,N,,,,,TurnTable Charts (turntablecharts.com/charts/1 Top 100)
Fiokee,NG,,,Producer-Artist,,N,,,,,Wikipedia – Category:Nigerian record producers
Fior de Bior,NG,,,Singer,,N,,,,,Wikipedia – Category:Nigerian singers
FirstKlaz,NG,North,,Hausa/Northern,,N,,,,,Hausa/Northern sources (Wikipedia Hausa music + Last.fm + trade press); User-curated list
Fisayo Ajisola,NG,,,Singer,,N,,,,,Wikipedia – Category:Nigerian singers
Fitzy West,NG,,,Charting Artist,,N,,,,,TurnTable Charts (turntablecharts.com/charts/1 Top 100)
Flossing,NG,South,Delta,,Omo Ologo,N,,,,,"User-curated list (6 batches, Apr 2026)"
FOLA,NG,,,Charting Artist,,N,,,,,TurnTable Charts (turntablecharts.com/charts/1 Top 100)
Folabi Nuel,NG,,,Gospel,,N,,,,,Wikipedia – Nigerian gospel musicians (list + category)
Frank Edwards,NG,,,Multi-genre,,N,,,,,Wikipedia – List of Nigerian musicians
Funmi Aragbaye,NG,,,Gospel,,N,,,,,Wikipedia – Nigerian gospel musicians (list + category)
Gabriel Afolayan,NG,,,Yoruba,,N,,,,,Wikipedia – Category:Yoruba-language Nigerian singers
Gaise Baba,NG,North,,Multi-genre,,N,,,,,Wikipedia – Category:Nigerian musicians; User-curated list
Garzali Miko,NG,,,Hausa/Northern,,N,,,,,Hausa/Northern sources (Wikipedia Hausa music + Last.fm + trade press)
General Hassan,NG,North,Kano,Hausa/Northern,So Na Gaskiya,N,,,,,"User-curated list (6 batches, Apr 2026)"
General Pype,NG,,,Reggae/Dancehall,,N,,,,,Wikipedia – Category:Nigerian reggae musicians
Ghost,NG,,,Hip-Hop/Rap,,N,,,,,Curated population frame (publicly known NG artists)
GMK,NG,,,Hip-Hop/Rap,,N,,,,,Wikipedia – Category:Nigerian rappers
Goldie Harvey,NG,,,Female Rapper,,N,,,,,Wikipedia – Category:Nigerian women rappers
Gombe Boy,NG,North,Gombe,Hausa/Northern,Labarin So,N,,,,,"User-curated list (6 batches, Apr 2026)"
GoodGirl LA,NG,,,Multi-genre,,N,,,,,Wikipedia – List of Nigerian musicians
Goya Menor,NG,South,Edo,Afrobeats/Afropop,Ameno Amapiano Remix,N,,,,,Wikipedia – Category:Nigerian Afrobeats musicians; User-curated list
Greatman Takit,NG,North,,Multi-genre,,N,,,,,Wikipedia – List of Nigerian musicians; User-curated list
Guchi,NG,,,Afrobeats/Afropop,,N,,,,,Curated population frame (publicly known NG artists)
Hadiza Sani Goma,NG,North,Kano,Hausa/Northern,Gimbiya,N,,,,,"User-curated list (6 batches, Apr 2026)"
Hamisu Breaker,NG,North,Katsina,Hausa/Northern,"Daga Yarda, Kin Raina Ni, Kin Gani",N,,,,,Hausa/Northern sources (Wikipedia Hausa music + Last.fm + trade press); User-curated list
Hamisu Lamido,NG,North,Kano,Hausa/Northern,Kece,N,,,,,"User-curated list (6 batches, Apr 2026)"
Happi,NG,,,Producer-Artist,,N,,,,,Wikipedia – Category:Nigerian record producers
Haruna Ishola,NG,,,Multi-genre,,N,,,,,Wikipedia – List of Nigerian musicians
Haruna Ujiri,NG,North,Borno,Hausa/Northern,Barka da Sallah,N,,,,,"User-curated list (6 batches, Apr 2026)"
Hauwa Yarfulani,NG,,,Hausa/Northern,,N,,,,,Hausa/Northern sources (Wikipedia Hausa music + Last.fm + trade press)
Helen Parker-Jayne Isibor,NG,,,Multi-genre,,N,,,,,Wikipedia – List of Nigerian musicians
Hotkeed,NG,,,Charting Artist,,N,,,,,kworb.net Nigeria Spotify daily chart
Hotman,NG,,,Hausa/Northern,,N,,,,,Hausa/Northern sources (Wikipedia Hausa music + Last.fm + trade press)
Hotman Fire,NG,,,Hausa/Northern,,N,,,,,Hausa/Northern sources (Wikipedia Hausa music + Last.fm + trade press)
Hotyce,NG,,,Hausa/Northern,,N,,,,,Hausa/Northern sources (Wikipedia Hausa music + Last.fm + trade press)
Humblesmith,NG,,,Multi-genre,,N,,,,,Wikipedia – List of Nigerian musicians
Hurlarstringz,NG,,,Gospel,,N,,,,,Wikipedia – Nigerian gospel musicians (list + category)
Hussaini Dankoton Kasa,NG,North,,Hausa/Northern,,N,,,,,"User-curated list (6 batches, Apr 2026)"
Hyce,NG,,,Charting Artist,,N,,,,,Wikipedia – List of number-one songs in Nigeria (2023–2026)
I.K. Dairo,NG,,,Multi-genre,,N,,,,,Wikipedia – List of Nigerian musicians
Ibrahim Disu,NG,North,Katsina,Hausa/Northern,Na Riki,N,,,,,"User-curated list (6 batches, Apr 2026)"
Ibrahim Na Habu,NG,,,Hausa/Northern,,N,,,,,Hausa/Northern sources (Wikipedia Hausa music + Last.fm + trade press)
Ibrahim Narambada,NG,,,Hausa/Northern,,N,,,,,Hausa/Northern sources (Wikipedia Hausa music + Last.fm + trade press)
Ibrahim Sharif,NG,North,Kano,Hausa/Northern,Baba,N,,,,,"User-curated list (6 batches, Apr 2026)"
Idahams,NG,,,Multi-genre,,N,,,,,Wikipedia – List of Nigerian musicians
Ifi Ude,NG,,,Pop,,N,,,,,Wikipedia – Category:Nigerian pop singers
Ifé,NG,,,Multi-genre,,N,,,,,Wikipedia – List of Nigerian musicians
Ikechukwu,NG,,,Multi-genre,,N,,,,,Wikipedia – List of Nigerian musicians
IllRymz,NG,,,Yoruba,,N,,,,,Wikipedia – Category:Yoruba-language Nigerian singers
Isah Ayagi,NG,North,Katsina,Hausa/Northern,"Zan Iya, Zuciya",N,,,,,"User-curated list (6 batches, Apr 2026)"
Iseoluwa Abidemi,NG,,,Child/Youth,,N,,,,,Wikipedia – Category:Nigerian child singers
Ishaq Auta,NG,North,Kano,Hausa/Northern,Soyayya,N,,,,,"User-curated list (6 batches, Apr 2026)"
Ishaq Dan Isa,NG,North,Sokoto,Hausa/Northern,Ina Son Ki,N,,,,,"User-curated list (6 batches, Apr 2026)"
Israel Njemanze,NG,,,Highlife,,N,,,,,Wikipedia – Category:Nigerian highlife musicians
J. Martins,NG,,,Multi-genre,,N,,,,,Wikipedia – List of Nigerian musicians
Jahdiel,NG,,,Gospel,,N,,,,,Wikipedia – Nigerian gospel musicians (list + category)
James Chike Nwankwo,NG,,,Afrobeats/Afropop,,N,,,,,Wikipedia – Category:Nigerian Afrobeats musicians
Jamopyper,NG,,,Multi-genre,,N,,,,,Wikipedia – List of Nigerian musicians
Jasën Blu,NG,,,Multi-genre,,N,,,,,Wikipedia – List of Nigerian musicians
JaySynths,NG,,,Producer-Artist,,N,,,,,Wikipedia – Category:Nigerian record producers
Jaywon,NG,,,Multi-genre,,N,,,,,Wikipedia – List of Nigerian musicians
Jeremiah Gyang,NG,,,Gospel,,N,,,,,Wikipedia – Nigerian gospel musicians (list + category)
Jesse King,NG,,,Yoruba,,N,,,,,Wikipedia – Category:Yoruba-language Nigerian singers
Jigsaw,NG,North,Kano,Hausa/Northern,Wakar Soyayya,N,,,,,"User-curated list (6 batches, Apr 2026)"
Jinmi Abduls,NG,,,Alté/Indie,,N,,,,,Curated population frame (publicly known NG artists)
JJC Skillz,NG,,,Hip-Hop/Rap,,N,,,,,Wikipedia – Category:Nigerian rappers
JNR ELDER,NG,,,Charting Artist,,N,,,,,kworb.net Nigeria Spotify daily chart
JoBlaq,NG,South,,,,N,,,,,"User-curated list (6 batches, Apr 2026)"
Joe El,NG,,,Multi-genre,,N,,,,,Wikipedia – List of Nigerian musicians
Joe Praize,NG,,,Gospel,,N,,,,,Wikipedia – Nigerian gospel musicians (list + category)
John Okafor,NG,,,Multi-genre,,N,,,,,Wikipedia – List of Nigerian musicians
Johnny Crown,NG,,,Afrobeats/Afropop,,N,,,,,Wikipedia – Category:Nigerian Afrobeats musicians
Joseph Adebayo Adelakun,NG,,,Gospel,,N,,,,,Wikipedia – Nigerian gospel musicians (list + category)
Joseph Omotoye,NG,,,Multi-genre,,N,,,,,Wikipedia – List of Nigerian musicians
Josiah Jachimike Okonkwo,NG,,,DJ,,N,,,,,Wikipedia – Category:Nigerian DJs
Josiah Ransome-Kuti,NG,,,Yoruba,,N,,,,,Wikipedia – Category:Yoruba-language Nigerian singers
Judikay,NG,,,Gospel,,N,,,,,Wikipedia – Nigerian gospel musicians (list + category)
Jumabee,NG,,,Charting Artist,,N,,,,,kworb.net Nigeria Apple Music chart
Juno,NG,South,,,,N,,,,,"User-curated list (6 batches, Apr 2026)"
Justina Lee Brown,NG,,,Multi-genre,,N,,,,,Wikipedia – List of Nigerian musicians
K1 De Ultimate,NG,South,Lagos,Multi-genre,Talazo,N,,,,,Wikipedia – List of Nigerian musicians; User-curated list
Kabaka,NG,,,Multi-genre,,N,,,,,Wikipedia – Category:Nigerian musicians
Kawu Dan Sarki,NG,North,Kano,Hausa/Northern,"Zuciya, Gaskiya",N,,,,,"User-curated list (6 batches, Apr 2026)"
KayArchonn,NG,,,Charting Artist,,N,,,,,kworb.net Nigeria Spotify daily chart
KC Presh,NG,,,2000s-era,,N,,,,,Curated population frame (publicly known NG artists)
Kcee,NG,South,Anambra,Multi-genre,Limpopo,N,,,,,Wikipedia – List of Nigerian musicians; User-curated list
KDDO,NG,,,Producer-Artist,,N,,,,,Wikipedia – Category:Nigerian record producers
Kefee,NG,,,Multi-genre,,N,,,,,Wikipedia – List of Nigerian musicians
Kel-P,NG,,,Producer-Artist,,N,,,,,Wikipedia – Category:Nigerian record producers
Kelly Handsome,NG,,,2000s-era,,N,,,,,Curated population frame (publicly known NG artists)
Kemena,NG,,,Charting Artist,,N,,,,,TurnTable Charts (turntablecharts.com/charts/1 Top 100)
Kendickson,NG,,,Afrobeats/Afropop,,N,,,,,Wikipedia – Category:Nigerian Afrobeats musicians
Kenny K'ore,NG,,,Gospel,,N,,,,,Curated population frame (publicly known NG artists)
Kenny Ogungbe,NG,,,Producer-Artist,,N,,,,,Wikipedia – Category:Nigerian record producers
Ketchup,NG,,,Afrobeats/Afropop,,N,,,,,Curated population frame (publicly known NG artists)
Kfmd,NG,,,Charting Artist,,N,,,,,kworb.net Nigeria Apple Music chart
Khalifa Isma’il,NG,North,Kano,Hausa/Northern,Soyayya,N,,,,,"User-curated list (6 batches, Apr 2026)"
Khalifa SK Dorai,NG,,,Hausa/Northern,,N,,,,,Hausa/Northern sources (Wikipedia Hausa music + Last.fm + trade press)
Kheengz,NG,,,Multi-genre,,N,,,,,Wikipedia – List of Nigerian musicians
Kibilou,NG,,,Charting Artist,,N,,,,,kworb.net Nigeria Apple Music chart
Kida Kudz,NG,,,Multi-genre,,N,,,,,Wikipedia – List of Nigerian musicians
Kidd Carder,NG,,,Charting Artist,,N,,,,,TurnTable Charts (turntablecharts.com/charts/1 Top 100)
Killertunes,NG,,,Multi-genre,,N,,,,,Wikipedia – Category:Nigerian musicians
King Perryy,NG,,,Multi-genre,,N,,,,,Wikipedia – List of Nigerian musicians
King Steve Benjamin,NG,,,Yoruba,,N,,,,,Wikipedia – Category:Yoruba-language Nigerian singers
King Wadada,NG,,,Multi-genre,,N,,,,,Wikipedia – List of Nigerian musicians
Koker,NG,,,Multi-genre,,N,,,,,Wikipedia – List of Nigerian musicians
Kokoro,NG,,,Yoruba,,N,,,,,Wikipedia – Category:Yoruba-language Nigerian singers
Kola Ogunkoya,NG,,,Yoruba,,N,,,,,Wikipedia – Category:Yoruba-language Nigerian singers
Kolade Dominate,NG,,,Multi-genre,,N,,,,,Wikipedia – Category:Nigerian musicians
Kollington Ayinla,NG,,,Fuji/Apala,,N,,,,,Curated population frame (publicly known NG artists)
Krexx Nv,NG,,,Male Singer,,N,,,,,Wikipedia – Category:Nigerian male singers
Kunle Ajayi,NG,,,Gospel,,N,,,,,Wikipedia – Nigerian gospel musicians (list + category)
Kunmie,NG,,,Charting Artist,,N,,,,,kworb.net Nigeria Spotify daily chart
Kvng Vinci,NG,,,Charting Artist,,N,,,,,kworb.net Nigeria Spotify daily chart
KWAM 1,NG,,,Fuji/Apala,,N,,,,,Curated population frame (publicly known NG artists)
L.A.X,NG,South,Lagos,Yoruba,Run Away,N,,,,,Wikipedia – Category:Yoruba-language Nigerian singers; User-curated list
Lado Ahmad,NG,North,Kaduna,Hausa/Northern,Tunani,N,,,,,"User-curated list (6 batches, Apr 2026)"
Laolu Akins,NG,,,Producer-Artist,,N,,,,,Wikipedia – Category:Nigerian record producers
Lara George,NG,,,Multi-genre,,N,,,,,Wikipedia – List of Nigerian musicians
Larry Gaaga,NG,,,Producer-Artist,,N,,,,,Curated population frame (publicly known NG artists)
Lawrence Oyor,NG,,,Gospel,,N,,,,,Curated population frame (publicly known NG artists)
Laycon,NG,,,Multi-genre,,N,,,,,Wikipedia – List of Nigerian musicians
Lekaa Beats,NG,,,Afrobeats/Afropop,,N,,,,,Wikipedia – Category:Nigerian Afrobeats musicians
Lemmy Jackson,NG,,,Producer-Artist,,N,,,,,Wikipedia – Category:Nigerian record producers
Lifesize Teddy,NG,,,Afrobeats/Afropop,,N,,,,,Curated population frame (publicly known NG artists)
Lijadu Sisters,NG,,,Yoruba,,N,,,,,Wikipedia – Category:Yoruba-language Nigerian singers
Lilin Baba,NG,North,Kaduna,Male Singer,"Bani Da Lokaci, Gida",N,,,,,Wikipedia – Category:Nigerian male singers; User-curated list
Limoblaze,NG,,,Afrobeats/Afropop,,N,,,,,Wikipedia – Category:Nigerian Afrobeats musicians
Lincoln,NG,,,Charting Artist,,N,,,,,kworb.net Nigeria Apple Music chart
Lindsey Abudei,NG,,,Producer-Artist,,N,,,,,Wikipedia – Category:Nigerian record producers
Little Simz,NG,,,Female Rapper,,N,,,,,Wikipedia – Category:Nigerian women rappers
Liya,NG,,,Afrobeats/Afropop,,N,,,,,Curated population frame (publicly known NG artists)
LKT,NG,,,Yoruba,,N,,,,,Wikipedia – Category:Yoruba-language Nigerian singers
Llona,NG,South,,Multi-genre,,N,,,,,Wikipedia – List of Nigerian musicians; User-curated list
Lola Rae,NG,,,Yoruba,,N,,,,,Wikipedia – Category:Yoruba-language Nigerian singers
London,NG,,,Producer-Artist,,N,,,,,Wikipedia – Category:Nigerian record producers
Loose Kaynon,NG,,,Hip-Hop/Rap,,N,,,,,Curated population frame (publicly known NG artists)
Lord of Ajasa,NG,,,Pop,,N,,,,,Wikipedia – Category:Nigerian pop singers
Louddaaa,NG,,,Producer-Artist,,N,,,,,Wikipedia – Category:Nigerian record producers
M Trill,NG,,,Multi-genre,,N,,,,,Wikipedia – List of Nigerian musicians
M.I,NG,,,Multi-genre,,N,,,,,Wikipedia – List of Nigerian musicians
Made Kuti,NG,,,Multi-genre,,N,,,,,Wikipedia – List of Nigerian musicians
Magníto,NG,South,Lagos,Multi-genre,If To Say I Be Girl,N,,,,,Wikipedia – Category:Nigerian musicians; User-curated list
Maintain,NG,,,2000s-era,,N,,,,,Curated population frame (publicly known NG artists)
Mairo Ese,NG,,,Gospel,,N,,,,,Wikipedia – Nigerian gospel musicians (list + category)
Majeeed,NG,,,Pop,,N,,,,,Wikipedia – Category:Nigerian pop singers
Majek Fashek,NG,,,Multi-genre,,N,,,,,Wikipedia – List of Nigerian musicians
Makayla Malaka,NG,,,Pop,,N,,,,,Wikipedia – Category:Nigerian pop singers
Malam Maidoki,NG,North,,Hausa/Northern,,N,,,,,"User-curated list (6 batches, Apr 2026)"
Malam Mamman Barkah,NG,,,Hausa/Northern,,N,,,,,Hausa/Northern sources (Wikipedia Hausa music + Last.fm + trade press)
Mamman Shata,NG,,,Hausa/Northern,,N,,,,,Hausa/Northern sources (Wikipedia Hausa music + Last.fm + trade press)
Mandy Thunder,NG,,,2000s-era,,N,,,,,Curated population frame (publicly known NG artists)
Marenikae,NG,,,Afrobeats/Afropop,,N,,,,,Wikipedia – Category:Nigerian Afrobeats musicians
Marvy,NG,,,Female Singer,,N,,,,,Wikipedia – Category:Nigerian women singers
Maryam A. Usman,NG,North,Kaduna,Hausa/Northern,So Da Kauna,N,,,,,"User-curated list (6 batches, Apr 2026)"
Maryam Booth,NG,,,Hausa/Northern,,N,,,,,Hausa/Northern sources (Wikipedia Hausa music + Last.fm + trade press)
Maryam Fantimoti,NG,North,Northern Nigeria,Hausa/Northern,Jigida,N,,,,,"User-curated list (6 batches, Apr 2026)"
Maryam Yahaya,NG,,,Hausa/Northern,,N,,,,,Hausa/Northern sources (Wikipedia Hausa music + Last.fm + trade press)
Masterkraft,NG,,,Producer-Artist,,N,,,,,Wikipedia – Category:Nigerian record producers
Maud Meyer,NG,,,Multi-genre,,N,,,,,Wikipedia – List of Nigerian musicians
Mavo,NG,South,,Charting Artist,,N,,,,,TurnTable Charts (turntablecharts.com/charts/1 Top 100); User-curated list
May D,NG,South,Ogun,Multi-genre,Ile Ijo,N,,,,,Wikipedia – List of Nigerian musicians; User-curated list
May7ven,NG,,,Multi-genre,,N,,,,,Wikipedia – List of Nigerian musicians
MC Galaxy,NG,South,,,,N,,,,,"User-curated list (6 batches, Apr 2026)"
MCskill ThaPreacha,NG,,,Hip-Hop/Rap,,N,,,,,Wikipedia – Category:Nigerian rappers
Mega 99,NG,,,Gospel,,N,,,,,Wikipedia – Nigerian gospel musicians (list + category)
Mercy Chinwo,NG,,,Multi-genre,,N,,,,,Wikipedia – List of Nigerian musicians
Michael Ekeghasi,NG,,,Pop,,N,,,,,Wikipedia – Category:Nigerian pop singers
Midnight Crew,NG,,,Gospel,,N,,,,,Curated population frame (publicly known NG artists)
Mike Abdul,NG,,,Gospel,,N,,,,,Wikipedia – Nigerian gospel musicians (list + category)
Mike Ejeagha,NG,,,Multi-genre,,N,,,,,Wikipedia – List of Nigerian musicians
Mike Falana,NG,,,Multi-genre,,N,,,,,Wikipedia – List of Nigerian musicians
Minister GUC,NG,,,Gospel,,N,,,,,Wikipedia – Nigerian gospel musicians (list + category)
Minz,NG,South,,,,N,,,,,"User-curated list (6 batches, Apr 2026)"
Mo'Cheddah,NG,,,Multi-genre,,N,,,,,Wikipedia – List of Nigerian musicians
Mode 9,NG,,,Multi-genre,,N,,,,,Wikipedia – List of Nigerian musicians
Modenine,NG,,,Hip-Hop/Rap,,N,,,,,Curated population frame (publicly known NG artists)
Modola,NG,,,Charting Artist,,N,,,,,TurnTable Charts (turntablecharts.com/charts/1 Top 100)
Momee Gombe,NG,North,,Hausa/Northern,,N,,,,,Hausa/Northern sources (Wikipedia Hausa music + Last.fm + trade press); User-curated list
Monaky,NG,South,,Charting Artist,,N,,,,,kworb.net Nigeria Spotify daily chart; User-curated list
Monica Ogah,NG,,,Multi-genre,,N,,,,,Wikipedia – List of Nigerian musicians
Monicazation,NG,,,Female Singer,,N,,,,,Wikipedia – Category:Nigerian women singers
Monochrome,NG,,,Charting Artist,,N,,,,,TurnTable Charts (turntablecharts.com/charts/1 Top 100)
Moravey,NG,South,,,,N,,,,,"User-curated list (6 batches, Apr 2026)"
Morell,NG,North,Kano,Hausa/Northern,"Manso, Gaskiya, Maza",N,,,,,Hausa/Northern sources (Wikipedia Hausa music + Last.fm + trade press); User-curated list
Morocco Maduka,NG,,,Multi-genre,,N,,,,,Wikipedia – Category:Nigerian musicians
Morravey,NG,South,,Afrobeats/Afropop,,N,,,,,Wikipedia – Category:Nigerian Afrobeats musicians; User-curated list
Mosbeekhan,NG,,,Hausa/Northern,,N,,,,,Hausa/Northern sources (Wikipedia Hausa music + Last.fm + trade press)
Moses Bliss,NG,,,Gospel,,N,,,,,Wikipedia – Nigerian gospel musicians (list + category)
Moses Olaiya,NG,,,Yoruba,,N,,,,,Wikipedia – Category:Yoruba-language Nigerian singers
Mr 2Kay,NG,,,Multi-genre,,N,,,,,Wikipedia – List of Nigerian musicians
Mr Dutch,NG,,,Multi-genre,,N,,,,,Wikipedia – Category:Nigerian musicians
Mr M & Revelation,NG,,,Gospel,,N,,,,,Wikipedia – Nigerian gospel musicians (list + category)
Mr Raw,NG,,,Multi-genre,,N,,,,,Wikipedia – List of Nigerian musicians
Mr. P,NG,,,Producer-Artist,,N,,,,,Wikipedia – Category:Nigerian record producers
Msquare,NG,North,,Hausa/Northern,,N,,,,,"User-curated list (6 batches, Apr 2026)"
Msquare Nahh,NG,North,,Hausa/Northern,,N,,,,,"User-curated list (6 batches, Apr 2026)"
Mukhtar Sarkin Goge,NG,North,,Hausa/Northern,,N,,,,,"User-curated list (6 batches, Apr 2026)"
Muma Gee,NG,,,Multi-genre,,N,,,,,Wikipedia – List of Nigerian musicians
Muna,NG,,,Multi-genre,,N,,,,,Wikipedia – List of Nigerian musicians
Munachi Abii,NG,,,Female Rapper,,N,,,,,Wikipedia – Category:Nigerian women rappers
Muraina Oyelami,NG,,,Multi-genre,,N,,,,,Wikipedia – List of Nigerian musicians
Muri Thunder,NG,,,Fuji/Apala,,N,,,,,Curated population frame (publicly known NG artists)
Murz,NG,,,Charting Artist,,N,,,,,TurnTable Charts (turntablecharts.com/charts/1 Top 100)
Musa Dankwairo,NG,North,,Hausa/Northern,,N,,,,,"User-curated list (6 batches, Apr 2026)"
Musa Jambo,NG,North,Kaduna,Hausa/Northern,Aminiya,N,,,,,"User-curated list (6 batches, Apr 2026)"
Musicbwoy,NG,North,,Hausa/Northern,,N,,,,,"User-curated list (6 batches, Apr 2026)"
Musta4a,NG,North,,Hausa/Northern,,N,,,,,"User-curated list (6 batches, Apr 2026)"
Musty Sango,NG,North,Kano,Hausa/Northern,Soyayya,N,,,,,"User-curated list (6 batches, Apr 2026)"
Muyeez,NG,North,,Charting Artist,,N,,,,,kworb.net Nigeria Spotify daily chart; User-curated list
Mz Kiss,NG,,,Female Rapper,,N,,,,,Wikipedia – Category:Nigerian women rappers
Namenj,NG,North,Adamawa,Hausa/Northern,Rayuwata,N,,,,,Hausa/Northern sources (Wikipedia Hausa music + Last.fm + trade press); User-curated list
Nasiru Jikan,NG,North,,Hausa/Northern,,N,,,,,"User-curated list (6 batches, Apr 2026)"
Nathaniel Bassey,NG,,,Gospel,,N,,,,,Wikipedia – Nigerian gospel musicians (list + category)
Nazifi Asnanic,NG,,,Hausa/Northern,,N,,,,,Hausa/Northern sources (Wikipedia Hausa music + Last.fm + trade press)
Nazir M. Ahmad,NG,North,Kano,Hausa/Northern,Anatayi Muna Taji,N,,,,,"User-curated list (6 batches, Apr 2026)"
Nazir Sarkin Waka,NG,North,Kano,Hausa/Northern,Matan Arewa,N,,,,,"User-curated list (6 batches, Apr 2026)"
Naziru M Ahmad,NG,North,Kano,Hausa/Northern,Matan Arewa,N,,,,,Hausa/Northern sources (Wikipedia Hausa music + Last.fm + trade press); User-curated list
Naziru Sarkin Waka,NG,North,Kano,Hausa/Northern,Mata,N,,,,,Hausa/Northern sources (Wikipedia Hausa music + Last.fm + trade press); User-curated list
Ndotz,NG,,,Charting Artist,,N,,,,,TurnTable Charts (turntablecharts.com/charts/1 Top 100)
Neeja,NG,North,,Hausa/Northern,,N,,,,,"User-curated list (6 batches, Apr 2026)"
Neeta,NG,,,Gospel,,N,,,,,Curated population frame (publicly known NG artists)
Nelly Uchendu,NG,,,Female Singer,,N,,,,,Wikipedia – Category:Nigerian women singers
Neon Adejo,NG,,,Multi-genre,,N,,,,,Wikipedia – List of Nigerian musicians
NezaBoy,NG,South,,,,N,,,,,"User-curated list (6 batches, Apr 2026)"
Nicole Moudaber,NG,,,Producer-Artist,,N,,,,,Wikipedia – Category:Nigerian record producers
Nikki Laoye,NG,,,Gospel,,N,,,,,Wikipedia – Nigerian gospel musicians (list + category)
Nimix,NG,,,Gospel,,N,,,,,Wikipedia – Nigerian gospel musicians (list + category)
Ninety,NG,,,Singer,,N,,,,,Wikipedia – Category:Nigerian singers
Niphkeys,NG,,,Producer-Artist,,N,,,,,Wikipedia – Category:Nigerian record producers
Nissi,NG,,,Afrobeats/Afropop,,N,,,,,Wikipedia – Category:Nigerian Afrobeats musicians
Niyola,NG,,,Multi-genre,,N,,,,,Wikipedia – List of Nigerian musicians
Nneka,NG,,,Multi-genre,,N,,,,,Wikipedia – List of Nigerian musicians
NO11,NG,,,Charting Artist,,N,,,,,TurnTable Charts (turntablecharts.com/charts/1 Top 100)
Nonso Bassey,NG,,,Multi-genre,,N,,,,,Wikipedia – List of Nigerian musicians
Nosa,NG,,,Multi-genre,,N,,,,,Wikipedia – List of Nigerian musicians
Nura M Inuwa,NG,North,Kano,Multi-genre,"Bakon Ciki, Soyayya, Labarina",N,,,,,Wikipedia – Category:Nigerian musicians; User-curated list
Nura Suleja,NG,North,,Hausa/Northern,,N,,,,,"User-curated list (6 batches, Apr 2026)"
Oberz,NG,,,Charting Artist,,N,,,,,kworb.net Nigeria Spotify daily chart
Obesere,NG,,,Multi-genre,,N,,,,,Wikipedia – List of Nigerian musicians
Obiwon,NG,,,Multi-genre,,N,,,,,Wikipedia – List of Nigerian musicians
Obongjayar,NG,,,Multi-genre,,N,,,,,Wikipedia – List of Nigerian musicians
Odeal,NG,,,Afrobeats/Afropop,,N,,,,,Curated population frame (publicly known NG artists)
OG Abbah,NG,North,,Hausa/Northern,,N,,,,,Hausa/Northern sources (Wikipedia Hausa music + Last.fm + trade press); User-curated list
Oga Abdul,NG,North,Niger,Hausa/Northern,Gidan Waka,N,,,,,"User-curated list (6 batches, Apr 2026)"
OJB Jezreel,NG,,,Male Singer,,N,,,,,Wikipedia – Category:Nigerian male singers
Okechukwu Oku,NG,,,Multi-genre,,N,,,,,Wikipedia – Category:Nigerian musicians
Okiemute,NG,,,Multi-genre,,N,,,,,Wikipedia – Category:Nigerian musicians
Ola Dips,NG,South,,,,N,,,,,"User-curated list (6 batches, Apr 2026)"
Oladapo,NG,South,,,,N,,,,,"User-curated list (6 batches, Apr 2026)"
Oliver De Coque,NG,,,Multi-genre,,N,,,,,Wikipedia – List of Nigerian musicians
Olly Sholotan,NG,,,Multi-genre,,N,,,,,Wikipedia – Category:Nigerian musicians
Olugbenga Adelekan,NG,,,Producer-Artist,,N,,,,,Wikipedia – Category:Nigerian record producers
Oluwa Toyo,NG,,,Multi-genre,,N,,,,,Wikipedia – List of Nigerian musicians
Oluwatobi Oyero,NG,,,Gospel,,N,,,,,Wikipedia – Nigerian gospel musicians (list + category)
Omawumi,NG,,,Multi-genre,,N,,,,,Wikipedia – List of Nigerian musicians
Onos Ariyo,NG,,,Gospel,,N,,,,,Wikipedia – Nigerian gospel musicians (list + category)
Onyeka Onwenu,NG,,,Multi-genre,,N,,,,,Wikipedia – List of Nigerian musicians
Orezi,NG,,,Multi-genre,,N,,,,,Wikipedia – List of Nigerian musicians
Oriental Brothers,NG,,,Multi-genre,,N,,,,,Wikipedia – List of Nigerian musicians
Orits Wiliki,NG,,,Reggae/Dancehall,,N,,,,,Curated population frame (publicly known NG artists)
Orits Williki,NG,,,Multi-genre,,N,,,,,Wikipedia – List of Nigerian musicians
Orlando Julius,NG,,,Multi-genre,,N,,,,,Wikipedia – List of Nigerian musicians
Orlando Owoh,NG,,,Multi-genre,,N,,,,,Wikipedia – List of Nigerian musicians
oSHAMO,NG,South,,,,N,,,,,"User-curated list (6 batches, Apr 2026)"
Oshara,NG,,,Multi-genre,,N,,,,,Wikipedia – List of Nigerian musicians
Osinachi Nwachukwu,NG,,,Gospel,,N,,,,,Wikipedia – Nigerian gospel musicians (list + category)
Osita Osadebe,NG,,,Multi-genre,,N,,,,,Wikipedia – List of Nigerian musicians
Ossy Brown,NG,,,Afrobeats/Afropop,,N,,,,,Wikipedia – Category:Nigerian Afrobeats musicians
P.Priime,NG,,,Producer-Artist,,N,,,,,Curated population frame (publicly known NG artists)
P2J,NG,,,Producer-Artist,,N,,,,,Wikipedia – Category:Nigerian record producers
Pasuma,NG,South,Ogun,Multi-genre,Risky,N,,,,,Wikipedia – List of Nigerian musicians; User-curated list
Patrice Wilson,NG,,,Producer-Artist,,N,,,,,Wikipedia – Category:Nigerian record producers
Patty Obasi,NG,,,Gospel,,N,,,,,Wikipedia – Nigerian gospel musicians (list + category)
Paul Play Dairo,NG,,,Multi-genre,,N,,,,,Wikipedia – List of Nigerian musicians
Pawzz,NG,,,Singer,,N,,,,,Wikipedia – Category:Nigerian singers
Paybac Iboro,NG,,,Hip-Hop/Rap,,N,,,,,Curated population frame (publicly known NG artists)
Payper Corleone,NG,,,Hip-Hop/Rap,,N,,,,,Curated population frame (publicly known NG artists)
Peacocks Guitar Band International,NG,,,Highlife,,N,,,,,Wikipedia – Category:Nigerian highlife musicians
Pepenazi,NG,,,Multi-genre,,N,,,,,Wikipedia – List of Nigerian musicians
Pericoma Okoye,NG,,,Multi-genre,,N,,,,,Wikipedia – List of Nigerian musicians
Peter King,NG,,,Multi-genre,,N,,,,,Wikipedia – List of Nigerian musicians
Peterson Okopi,NG,,,Gospel,,N,,,,,Curated population frame (publicly known NG artists)
Phantom,NG,,,Producer-Artist,,N,,,,,Wikipedia – Category:Nigerian record producers
Plantashun Boiz,NG,,,2000s-era,,N,,,,,Curated population frame (publicly known NG artists)
Plutomania,NG,,,Charting Artist,,N,,,,,kworb.net Nigeria Spotify daily chart
Poco Lee,NG,South,,Multi-genre,,N,,,,,Wikipedia – Category:Nigerian musicians; User-curated list
POS,NG,,,Multi-genre,,N,,,,,Wikipedia – Category:Nigerian musicians
Preye Odede,NG,,,Gospel,,N,,,,,Curated population frame (publicly known NG artists)
Prince Adekunle,NG,,,Yoruba,,N,,,,,Wikipedia – Category:Yoruba-language Nigerian singers
Prince Mk Baagi,NG,North,Niger,Hausa/Northern,Nupe Vibe,N,,,,,"User-curated list (6 batches, Apr 2026)"
Prince Nico Mbarga,NG,,,Multi-genre,,N,,,,,Wikipedia – List of Nigerian musicians
Princess Peters,NG,,,Female Singer,,N,,,,,Wikipedia – Category:Nigerian women singers
Projexx,NG,,,Alté/Indie,,N,,,,,Curated population frame (publicly known NG artists)
Prospa Ochimana,NG,,,Gospel,,N,,,,,Curated population frame (publicly known NG artists)
PsychoYp,NG,,,Multi-genre,,N,,,,,Wikipedia – List of Nigerian musicians
Qdot,NG,,,Multi-genre,,N,,,,,Wikipedia – List of Nigerian musicians
Rabi’u Rikadawa,NG,North,Katsina,Hausa/Northern,Kiyi Hakuri,N,,,,,"User-curated list (6 batches, Apr 2026)"
Rahama Sadau,NG,,,Hausa/Northern,,N,,,,,Hausa/Northern sources (Wikipedia Hausa music + Last.fm + trade press)
Rarara,NG,North,Kano,Hausa/Northern,"Sai Baba, Kudi",N,,,,,Hausa/Northern sources (Wikipedia Hausa music + Last.fm + trade press); User-curated list
Ras Kimono,NG,,,Multi-genre,,N,,,,,Wikipedia – List of Nigerian musicians
Remi Aluko,NG,,,Multi-genre,,N,,,,,Wikipedia – List of Nigerian musicians
Rex Lawson,NG,,,Multi-genre,,N,,,,,Wikipedia – List of Nigerian musicians
Ruby Gyang,NG,,,Multi-genre,,N,,,,,Wikipedia – List of Nigerian musicians
Ruggedman,NG,,,Multi-genre,,N,,,,,Wikipedia – List of Nigerian musicians
Rumerh,NG,North,,Hausa/Northern,,N,,,,,"User-curated list (6 batches, Apr 2026)"
Runtown,NG,South,,Multi-genre,,N,,,,,Wikipedia – List of Nigerian musicians; User-curated list
Rybeena,NG,,,Charting Artist,,N,,,,,TurnTable Charts (turntablecharts.com/charts/1 Top 100)
Rymzo,NG,,,Producer-Artist,,N,,,,,Wikipedia – Category:Nigerian record producers
S.N.E,NG,,,Charting Artist,,N,,,,,Wikipedia – List of number-one songs in Nigeria (2023–2026)
S1ordie,NG,,,Charting Artist,,N,,,,,kworb.net Nigeria Apple Music chart
Sade Adu,NG,,,Multi-genre,,N,,,,,Wikipedia – List of Nigerian musicians
Sadi Sidi Sharifai,NG,,,Hausa/Northern,,N,,,,,Hausa/Northern sources (Wikipedia Hausa music + Last.fm + trade press)
Sadiq Saleh,NG,North,,Hausa/Northern,,N,,,,,"User-curated list (6 batches, Apr 2026)"
Sadiq Zazzabi,NG,North,Kano,Hausa/Northern,"Bikin Suna, Kwana Casa’in",N,,,,,Hausa/Northern sources (Wikipedia Hausa music + Last.fm + trade press); User-curated list
Saeon,NG,,,Alté/Indie,,N,,,,,Curated population frame (publicly known NG artists)
Saffron,NG,,,Female Singer,,N,,,,,Wikipedia – Category:Nigerian women singers
Safin De Coque,NG,,,Multi-genre,,N,,,,,Wikipedia – List of Nigerian musicians
Saheed Osupa,NG,South,Ogun,Multi-genre,Oba Nla,N,,,,,Wikipedia – List of Nigerian musicians; User-curated list
Salawa Abeni,NG,,,Multi-genre,,N,,,,,Wikipedia – List of Nigerian musicians
Salim Smart,NG,North,Katsina,Hausa/Northern,"Ina So, Mata, Jamilatu",N,,,,,Hausa/Northern sources (Wikipedia Hausa music + Last.fm + trade press); User-curated list
SAMAD,NG,,,Charting Artist,,N,,,,,kworb.net Nigeria Spotify daily chart
Sammie Okposo,NG,,,Gospel,,N,,,,,Wikipedia – Nigerian gospel musicians (list + category)
Samsong,NG,,,Multi-genre,,N,,,,,Wikipedia – List of Nigerian musicians
Sani Ahmad,NG,North,Kaduna,Hausa/Northern,Rayuwa,N,,,,,"User-curated list (6 batches, Apr 2026)"
Sani Danja,NG,North,,Hausa/Northern,,N,,,,,"User-curated list (6 batches, Apr 2026)"
Saoty Arewa,NG,North,Kano,Hausa/Northern,Arewa,N,,,,,"User-curated list (6 batches, Apr 2026)"
Sasha P,NG,,,Multi-genre,,N,,,,,Wikipedia – List of Nigerian musicians
Sa’ad Chika,NG,North,Kebbi,Hausa/Northern,Na Gode,N,,,,,"User-curated list (6 batches, Apr 2026)"
Sa’adou Bori,NG,North,Niger Republic/Northern scene,Hausa/Northern,Soyeya,N,,,,,"User-curated list (6 batches, Apr 2026)"
Sa’idu Goma,NG,North,Kano,Hausa/Northern,Soyayyar Mace,N,,,,,"User-curated list (6 batches, Apr 2026)"
Sean Dampte,NG,,,Afrobeats/Afropop,,N,,,,,Curated population frame (publicly known NG artists)
Sefiu Alao Adekunle,NG,,,Fuji/Apala,,N,,,,,Curated population frame (publicly known NG artists)
Segun Adewale,NG,,,Juju,,N,,,,,Curated population frame (publicly known NG artists)
Segun Bucknor,NG,,,Yoruba,,N,,,,,Wikipedia – Category:Yoruba-language Nigerian singers
Serifatu Oladunni Oduguwa,NG,,,Yoruba,,N,,,,,Wikipedia – Category:Yoruba-language Nigerian singers
Sess the Prblm Kid,NG,,,Producer-Artist,,N,,,,,Wikipedia – Category:Nigerian record producers
Seun Kuti,NG,,,Multi-genre,,N,,,,,Wikipedia – List of Nigerian musicians
Seun Omojola,NG,,,Female Singer,,N,,,,,Wikipedia – Category:Nigerian women singers
Sexy Steel,NG,,,Multi-genre,,N,,,,,Wikipedia – Category:Nigerian musicians
Seyi Sodimu,NG,,,Yoruba,,N,,,,,Wikipedia – Category:Yoruba-language Nigerian singers
Shaffy Bello,NG,,,Yoruba,,N,,,,,Wikipedia – Category:Yoruba-language Nigerian singers
Shaiboy,NG,,,Charting Artist,,N,,,,,kworb.net Nigeria Apple Music chart
Shanga,NG,,,Producer-Artist,,N,,,,,Wikipedia – Category:Nigerian record producers
Shank,NG,,,Reggae/Dancehall,,N,,,,,Curated population frame (publicly known NG artists)
Shaybo,NG,,,Hip-Hop/Rap,,N,,,,,Wikipedia – Category:Nigerian rappers
Shaydee,NG,,,Yoruba,,N,,,,,Wikipedia – Category:Yoruba-language Nigerian singers
Shehu Ahmad Tajal Izzy,NG,,,Hausa/Northern,,N,,,,,Hausa/Northern sources (Wikipedia Hausa music + Last.fm + trade press)
Shehu Bello,NG,North,Kano,Hausa/Northern,Aure,N,,,,,"User-curated list (6 batches, Apr 2026)"
Shekx,NG,,,Multi-genre,,N,,,,,Wikipedia – List of Nigerian musicians
Shina Peters,NG,,,Multi-genre,,N,,,,,Wikipedia – List of Nigerian musicians
Shoday,NG,South,,Charting Artist,,N,,,,,TurnTable Charts (turntablecharts.com/charts/1 Top 100); User-curated list
Shola Allynson,NG,,,Multi-genre,,N,,,,,Wikipedia – List of Nigerian musicians
Shola Allyson,NG,,,Yoruba,,N,,,,,Wikipedia – Category:Yoruba-language Nigerian singers
Shugavybz,NG,,,Producer-Artist,,N,,,,,Wikipedia – Category:Nigerian record producers
Sikiru Ayinde Barrister,NG,,,Legacy/Veteran,,N,,,,,Curated population frame (publicly known NG artists)
Sinach,NG,South,,Multi-genre,,N,,,,,Wikipedia – List of Nigerian musicians; User-curated list
Sir Shina Peters,NG,,,Juju,,N,,,,,Curated population frame (publicly known NG artists)
Sirajo Jibo,NG,North,Kaduna,Hausa/Northern,Taimako,N,,,,,"User-curated list (6 batches, Apr 2026)"
Skales,NG,South,Edo,Multi-genre,Shake Body,N,,,,,Wikipedia – List of Nigerian musicians; User-curated list
Skepta,NG,South,Lagos,,Shutdown,N,,,,,"User-curated list (6 batches, Apr 2026)"
Slimcase,NG,,,Multi-genre,,N,,,,,Wikipedia – List of Nigerian musicians
Slowdog,NG,,,Highlife,,N,,,,,Curated population frame (publicly known NG artists)
Smur Lee,NG,,,Charting Artist,,N,,,,,Wikipedia – List of number-one songs in Nigeria (2023–2026)
Snatcha,NG,,,Gospel,,N,,,,,Wikipedia – Nigerian gospel musicians (list + category)
Snazzy the Optimist,NG,,,Afrobeats/Afropop,,N,,,,,Wikipedia – Category:Nigerian Afrobeats musicians
Sogha Niger,NG,North,Niger,Hausa/Northern,Dan Kwali,N,,,,,"User-curated list (6 batches, Apr 2026)"
Sola Allyson,NG,,,Gospel,,N,,,,,Wikipedia – Nigerian gospel musicians (list + category)
Somadina,NG,,,Multi-genre,,N,,,,,Wikipedia – List of Nigerian musicians
Sonnie Badu,NG,,,Gospel,,N,,,,,Curated population frame (publicly known NG artists)
Sonny Okosun,NG,,,Singer,,N,,,,,Wikipedia – Category:Nigerian singers
Sonny Okosuns,NG,,,Multi-genre,,N,,,,,Wikipedia – List of Nigerian musicians
Soundz,NG,,,Multi-genre,,N,,,,,Wikipedia – Category:Nigerian musicians
Specikinging,NG,,,Charting Artist,,N,,,,,kworb.net Nigeria Apple Music chart
Spellz,NG,,,Producer-Artist,,N,,,,,Wikipedia – Category:Nigerian record producers
Spinall,NG,,,Producer-Artist,,N,,,,,Wikipedia – Category:Nigerian record producers
SSSoundGawd,NG,,,Charting Artist,,N,,,,,TurnTable Charts (turntablecharts.com/charts/1 Top 100)
St. Seií,NG,,,Multi-genre,,N,,,,,Wikipedia – List of Nigerian musicians
Starsamm,NG,,,Charting Artist,,N,,,,,TurnTable Charts (turntablecharts.com/charts/1 Top 100)
SteveHills,NG,,,Charting Artist,,N,,,,,kworb.net Nigeria Spotify daily chart
Straffitti,NG,,,Charting Artist,,N,,,,,kworb.net Nigeria Apple Music chart
Styl-Plus,NG,,,Yoruba,,N,,,,,Wikipedia – Category:Yoruba-language Nigerian singers
Sule Alao Malaika,NG,,,Fuji/Apala,,N,,,,,Curated population frame (publicly known NG artists)
Sunkanmi,NG,,,Yoruba,,N,,,,,Wikipedia – Category:Yoruba-language Nigerian singers
Sunmisola Agbebi,NG,,,Multi-genre,,N,,,,,Wikipedia – List of Nigerian musicians
Sunny Ade,NG,,,Multi-genre,,N,,,,,Wikipedia – List of Nigerian musicians
Supernovamusician,NG,,,Producer-Artist,,N,,,,,Wikipedia – Category:Nigerian record producers
Superstar YB,NG,,,Producer-Artist,,N,,,,,Wikipedia – Category:Nigerian record producers
Suté Iwar,NG,,,Multi-genre,,N,,,,,Wikipedia – Category:Nigerian musicians
Syemca,NG,,,Charting Artist,,N,,,,,TurnTable Charts (turntablecharts.com/charts/1 Top 100)
T'neeya,NG,,,Afrobeats/Afropop,,N,,,,,Curated population frame (publicly known NG artists)
T-Classic,NG,,,Yoruba,,N,,,,,Wikipedia – Category:Yoruba-language Nigerian singers
T-Plux,NG,,,Multi-genre,,N,,,,,Wikipedia – List of Nigerian musicians
T.I BLAZE,NG,South,Ogun,Charting Artist,Sometimes,N,,,,,TurnTable Charts (turntablecharts.com/charts/1 Top 100); User-curated list
Tamara Jones,NG,,,Multi-genre,,N,,,,,Wikipedia – List of Nigerian musicians
TAR1Q,NG,South,,,,N,,,,,"User-curated list (6 batches, Apr 2026)"
Taye Currency,NG,,,Fuji/Apala,,N,,,,,Curated population frame (publicly known NG artists)
Taye Olusola,NG,,,Yoruba,,N,,,,,Wikipedia – Category:Yoruba-language Nigerian singers
Tec,NG,,,Hip-Hop/Rap,,N,,,,,Curated population frame (publicly known NG artists)
Teemeeysax,NG,,,Multi-genre,,N,,,,,Wikipedia – Category:Nigerian musicians
TeeMirror,NG,,,Gospel,,N,,,,,Wikipedia – Nigerian gospel musicians (list + category)
Teezee,NG,,,Multi-genre,,N,,,,,Wikipedia – Category:Nigerian musicians
Tekno Miles,NG,,,Multi-genre,,N,,,,,Wikipedia – List of Nigerian musicians
Temi DollFace,NG,,,Alté/Indie,,N,,,,,Curated population frame (publicly known NG artists)
Terry G,NG,,,Multi-genre,,N,,,,,Wikipedia – List of Nigerian musicians
Testimony Jaga,NG,,,Multi-genre,,N,,,,,Wikipedia – Category:Nigerian musicians
The Cavemen,NG,,,Multi-genre,,N,,,,,Wikipedia – List of Nigerian musicians
The Second Voice,NG,,,Charting Artist,,N,,,,,TurnTable Charts (turntablecharts.com/charts/1 Top 100)
Theophilus Sunday,NG,,,Gospel,,N,,,,,Wikipedia – Nigerian gospel musicians (list + category)
Theresa Onuorah,NG,,,Igbo,,N,,,,,Wikipedia – Category:Igbo-language singers
Tiimie,NG,South,,,,N,,,,,"User-curated list (6 batches, Apr 2026)"
Tijjani Gandu,NG,North,Kano,Hausa/Northern,Gaskiya,N,,,,,"User-curated list (6 batches, Apr 2026)"
Tim Godfrey,NG,,,Gospel,,N,,,,,Wikipedia – Nigerian gospel musicians (list + category)
Timi Dakolo,NG,South,Bayelsa,Multi-genre,Iyawo Mi,N,,,,,Wikipedia – List of Nigerian musicians; User-curated list
Titom,NG,,,Charting Artist,,N,,,,,Wikipedia – List of number-one songs in Nigeria (2023–2026)
Tjan,NG,,,Yoruba,,N,,,,,Wikipedia – Category:Yoruba-language Nigerian singers
Tkeyz,NG,,,Producer-Artist,,N,,,,,Wikipedia – Category:Nigerian record producers
Tml Vibez,NG,South,,Charting Artist,,N,,,,,TurnTable Charts (turntablecharts.com/charts/1 Top 100); User-curated list
Tobi Ibitoye,NG,,,Pop,,N,,,,,Wikipedia – Category:Nigerian pop singers
Toby Foyeh,NG,,,Multi-genre,,N,,,,,Wikipedia – List of Nigerian musicians
Tolani,NG,,,Afrobeats/Afropop,,N,,,,,Curated population frame (publicly known NG artists)
Tolex,NG,,,Multi-genre,,N,,,,,Wikipedia – Category:Nigerian musicians
Tolibian,NG,North,,Hausa/Northern,,N,,,,,"User-curated list (6 batches, Apr 2026)"
Tolu Obanro,NG,,,Producer-Artist,,N,,,,,Wikipedia – Category:Nigerian record producers
Tolü Makay,NG,,,Multi-genre,,N,,,,,Wikipedia – Category:Nigerian musicians
Tomi Agape,NG,,,Multi-genre,,N,,,,,Wikipedia – Category:Nigerian musicians
Tomi Favored,NG,,,Multi-genre,,N,,,,,Wikipedia – List of Nigerian musicians
Tomi Folayan,NG,,,Gospel,,N,,,,,Wikipedia – Nigerian gospel musicians (list + category)
Tomi Thomas,NG,,,Alté/Indie,,N,,,,,Curated population frame (publicly known NG artists)
Tony Allen,NG,,,Multi-genre,,N,,,,,Wikipedia – List of Nigerian musicians
Tony Tetuila,NG,,,Multi-genre,,N,,,,,Wikipedia – List of Nigerian musicians
Tonye Garrick,NG,,,Multi-genre,,N,,,,,Wikipedia – List of Nigerian musicians
Tope Adenibuyan,NG,,,Male Singer,,N,,,,,Wikipedia – Category:Nigerian male singers
Tope Alabi,NG,,,Multi-genre,,N,,,,,Wikipedia – List of Nigerian musicians
Tosin Igho,NG,,,Multi-genre,,N,,,,,Wikipedia – Category:Nigerian musicians
Trybesmen,NG,,,2000s-era,,N,,,,,Curated population frame (publicly known NG artists)
TUFF KING,NG,,,Charting Artist,,N,,,,,TurnTable Charts (turntablecharts.com/charts/1 Top 100)
Tunde Jegede,NG,,,Multi-genre,,N,,,,,Wikipedia – Category:Nigerian musicians
Tunde King,NG,,,Multi-genre,,N,,,,,Wikipedia – List of Nigerian musicians
Tunde Nightingale,NG,,,Multi-genre,,N,,,,,Wikipedia – List of Nigerian musicians
Tunji Oyelana,NG,,,Multi-genre,,N,,,,,Wikipedia – List of Nigerian musicians
Twins Affair,NG,,,Yoruba,,N,,,,,Wikipedia – Category:Yoruba-language Nigerian singers
TY Bello,NG,South,,Multi-genre,,N,,,,,Wikipedia – List of Nigerian musicians; User-curated list
TY Shaban,NG,,,Multi-genre,,N,,,,,Wikipedia – Category:Nigerian musicians
Töme,NG,,,Afrobeats/Afropop,,N,,,,,Wikipedia – Category:Nigerian Afrobeats musicians
Udeh Divine Ifunanya,NG,,,Charting Artist,,N,,,,,TurnTable Charts (turntablecharts.com/charts/1 Top 100)
Ugezu J. Ugezu,NG,,,Highlife,,N,,,,,Wikipedia – Category:Nigerian highlife musicians
Umar M Shareef,NG,North,Kano,Hausa/Northern,Matar Aure,N,,,,,Hausa/Northern sources (Wikipedia Hausa music + Last.fm + trade press); User-curated list
Umu Obiligbo,NG,South,,Highlife,,N,,,,,Wikipedia – Category:Nigerian highlife musicians; User-curated list
Vibez Inc,NG,,,Charting Artist,,N,,,,,kworb.net Nigeria Spotify daily chart
Victor AD,NG,South,,,,N,,,,,"User-curated list (6 batches, Apr 2026)"
Victor Olaiya,NG,,,Multi-genre,,N,,,,,Wikipedia – List of Nigerian musicians
Victor Thompson,NG,,,Gospel,,N,,,,,Wikipedia – Nigerian gospel musicians (list + category)
Victor Uwaifo,NG,,,Multi-genre,,N,,,,,Wikipedia – List of Nigerian musicians
Victoria Kimani,NG,,,Afrobeats/Afropop,,N,,,,,Curated population frame (publicly known NG artists)
Victoria Orenze,NG,,,Gospel,,N,,,,,Wikipedia – Nigerian gospel musicians (list + category)
Vudumane,NG,,,Multi-genre,,N,,,,,Wikipedia – List of Nigerian musicians
Waconzy,NG,,,Multi-genre,,N,,,,,Wikipedia – List of Nigerian musicians
Wani,NG,,,Pop,,N,,,,,Wikipedia – Category:Nigerian pop singers
Wasiu Alabi Pasuma,NG,,,Multi-genre,,N,,,,,Wikipedia – List of Nigerian musicians
Wasiu Ayinde Barrister,NG,,,Multi-genre,,N,,,,,Wikipedia – List of Nigerian musicians
Wavy the Creator,NG,,,Multi-genre,,N,,,,,Wikipedia – Category:Nigerian musicians
Waziri Anka,NG,North,,Hausa/Northern,,N,,,,,"User-curated list (6 batches, Apr 2026)"
Weird MC,NG,,,Multi-genre,,N,,,,,Wikipedia – List of Nigerian musicians
where.t.at,NG,,,Charting Artist,,N,,,,,kworb.net Nigeria Spotify daily chart
William Onyeabor,NG,,,Multi-genre,,N,,,,,Wikipedia – List of Nigerian musicians
Wizard Chan,NG,North,,Multi-genre,,N,,,,,Wikipedia – Category:Nigerian musicians; User-curated list
WizzyPro,NG,,,Producer-Artist,,N,,,,,Wikipedia – Category:Nigerian record producers
Wole Oni,NG,,,Producer-Artist,,N,,,,,Wikipedia – Category:Nigerian record producers
Wolfacejoeyy,NG,,,Multi-genre,,N,,,,,Wikipedia – Category:Nigerian musicians
Yadah,NG,,,Gospel,,N,,,,,Curated population frame (publicly known NG artists)
Yakubu Muhammed,NG,,,Male Singer,,N,,,,,Wikipedia – Category:Nigerian male singers
Yarden,NG,,,Multi-genre,,N,,,,,Wikipedia – List of Nigerian musicians
Yemzzy,NG,South,,,,N,,,,,"User-curated list (6 batches, Apr 2026)"
Yeni Kuti,NG,,,Afrobeat,,N,,,,,Curated population frame (publicly known NG artists)
Yhemolee,NG,,,Multi-genre,,N,,,,,Wikipedia – Category:Nigerian musicians
Yinka Ayefele,NG,,,Multi-genre,,N,,,,,Wikipedia – List of Nigerian musicians
Yinka Davies,NG,,,Multi-genre,,N,,,,,Wikipedia – List of Nigerian musicians
Yuppe,NG,,,Charting Artist,,N,,,,,Wikipedia – List of number-one songs in Nigeria (2023–2026)
Yusuf Olatunji,NG,,,Multi-genre,,N,,,,,Wikipedia – List of Nigerian musicians
Zaki Dan Yaya,NG,,,Hausa/Northern,,N,,,,,Hausa/Northern sources (Wikipedia Hausa music + Last.fm + trade press)
Zaylevelten,NG,South,,Charting Artist,,N,,,,,kworb.net Nigeria Spotify daily chart; User-curated list
Zayn Africa,NG,,,Multi-genre,,N,,,,,Wikipedia – List of Nigerian musicians
Zeeno Foster,NG,,,Producer-Artist,,N,,,,,Wikipedia – Category:Nigerian record producers
Zeldan,NG,,,Charting Artist,,N,,,,,kworb.net Nigeria Apple Music chart
Zerrydl,NG,South,,Multi-genre,,N,,,,,Wikipedia – List of Nigerian musicians; User-curated list
Zhus Jdo,NG,,,Multi-genre,,N,,,,,Wikipedia – Category:Nigerian musicians
Zilla Oaks,NG,,,Hip-Hop/Rap,,N,,,,,Curated population frame (publicly known NG artists)
Zoro,NG,,,Multi-genre,,N,,,,,Wikipedia – List of Nigerian musicians
Zubi,NG,North,,Hausa/Northern,,N,,,,,"User-curated list (6 batches, Apr 2026)"
Zule Zoo,NG,,,Multi-genre,,N,,,,,Wikipedia – List of Nigerian musicians
