nmas_artist_id,artist_name,in_sample,region,state_area,chartmetric_id,soundcharts_uuid,soundcharts_name,match_confidence,in_daily_microdata
2baba,2Baba,Y,South,Benue,180612,11e83fe6-991f-e24a-85c4-a0369fe50396,2Baba,exact_ng,Y
9ice,9ice,Y,South,Oyo,3683,11e81bc6-7062-ea76-9ea5-a0369fe50396,9ice,exact_ng,Y
adekunle-gold,Adekunle Gold,Y,South,Lagos,640717,11e81bbe-1e84-5c38-a593-a0369fe50396,Adekunle Gold,exact_ng,Y
ajebutter22,Ajebutter22,Y,,,202020,11e83fe1-7743-6ce6-a586-aa1c026db3d8,Ajebutter22,exact_ng,Y
amaarae,Amaarae,Y,,,834689,11e83fed-8dd7-286a-83f4-a0369fe50396,Amaarae,exact_foreign,Y
asake,Asake,Y,South,Lagos,1779041,fbe8f070-b8f8-11e8-af3e-525400009efb,Asake,exact_ng,Y
ayra-starr,Ayra Starr,Y,South,Lagos,4200054,440f0f3d-170e-4be3-ac0a-182326bf51f6,Ayra Starr,exact_ng,Y
aṣa,Aṣa,Y,,,63541,11e81bc7-0336-16d4-827a-a0369fe50396,Aṣa,exact_foreign,Y
bnxn,BNXN,Y,South,Lagos,1363515,11e83fe9-d026-36d8-8f3f-aa1c026db3d8,BNXN,exact_ng,Y
bad-boy-timz,Bad Boy Timz,Y,South,,1596343,af27eea6-8933-11e9-b0df-549f35161576,Bad Boy Timz,exact_ng,Y
banky-w,Banky W.,Y,South,Lagos,107373,11e81bcd-0487-be9c-8bf1-a0369fe50396,Banky W.,exact_ng,Y
bayanni,Bayanni,Y,,,9591956,1a43db25-4375-45ef-ba3e-7c9367f4cad5,Bayanni,exact_ng,Y
bella-shmurda,Bella Shmurda,Y,South,Lagos,1526513,95344eec-423c-11e9-8db6-549f35141000,Bella Shmurda,exact_ng,Y
blaqbonez,Blaqbonez,Y,South,Lagos,880055,090ce0d4-b33d-11e8-b1c2-525400009efb,Blaqbonez,exact_ng,Y
bloody-civilian,Bloody Civilian,Y,,,9901852,0521d08a-9168-4c3a-9f8d-46d2b3c36ea3,Bloody Civilian,exact_ng,Y
boj,Boj,Y,,,317847,11e83fe1-9f7d-e4f2-87f0-a0369fe50396,Boj,exact_ng,Y
boy-spyce,Boy Spyce,Y,,,6124353,d0409c99-c83e-403e-9a1e-a73ff46e7fe6,Boy Spyce,exact_ng,Y
bracket,Bracket,Y,,,712,11e81bc9-a2b1-6536-9259-a0369fe50396,Bracket,exact_ng,Y
brymo,Brymo,Y,South,,15051,11e81bbe-54ed-29d0-9ff6-a0369fe50396,Brymo,exact_ng,Y
burna-boy,Burna Boy,Y,South,Rivers,441923,14ff75bc-4c73-11e9-a24b-549f35141000,Burna Boy,exact_ng,Y
cdq,CDQ,Y,,,101087,11e83fe2-3f9a-9fc0-8f52-a0369fe50396,CDQ,exact_ng,Y
ckay,CKay,Y,South,Anambra,919695,11e83fec-1580-802e-81df-aa1c026db3d8,Ckay,exact_ng,Y
chike,Chike,Y,South,Anambra,1139022,11e81bc0-0cbc-b08e-bee2-a0369fe50396,Chike,exact_ng,Y
crayon,Crayon,Y,,,1705853,4071305e-b790-11e9-94f0-00163ec5a2fb,Crayon,exact_foreign,Y
cruel-santino,Cruel Santino,Y,,,921836,7d459933-46a9-49bd-bebc-b48dad4284e3,Cruel Santino,exact_ng,Y
d-banj,D'banj,Y,South,Ogun,3225,11e81bc7-2e44-87a2-9ff7-a0369fe50396,D'banj,exact_ng,Y
dj-cuppy,DJ Cuppy,Y,,,12822800,3cbe1ad5-4fbd-4f8f-92c6-2c2711ebb6a1,Dj Cuppy,exact_no_country,Y
dj-neptune,DJ Neptune,Y,South,,269281,11e83fe0-3869-816e-b026-a0369fe50396,DJ Neptune,exact_ng,Y
dj-spinall,DJ Spinall,Y,,,1068888,11e83fe1-2cd5-afde-97dd-aa1c026db3d8,DJ Spinall,exact_ng,Y
dammy-krane,Dammy Krane,Y,,,423004,11e81bcb-904d-95e8-9170-a0369fe50396,Dammy Krane,exact_ng,Y
darey,Darey,Y,,,510303,11e83fe3-9279-0884-b06a-aa1c026db3d8,Darey,exact_ng,Y
darkoo,Darkoo,Y,,,821653,11e83fee-736a-5e06-aedf-a0369fe50396,Darkoo,exact_foreign,Y
davido,Davido,Y,South,Osun,4723,11e81bc8-7fc6-6428-9478-a0369fe50396,Davido,exact_ng,Y
dice-ailes,Dice Ailes,Y,,,627972,11e81bc8-87ed-a4d6-9ccf-a0369fe50396,Dice Ailes,exact_ng,Y
dremo,Dremo,Y,,,367518,11e83fe7-2406-7860-a473-aa1c026db3d8,Dremo,exact_ng,Y
duncan-mighty,Duncan Mighty,Y,South,Rivers,410515,11e83fe0-9794-2bf8-b680-aa1c026db3d8,Duncan Mighty,exact_ng,Y
ebenezer-obey,Ebenezer Obey,Y,,,7794895,11e81bce-8c53-3da0-8b73-a0369fe50396,Ebenezer Obey,exact_ng,Y
eldee,Eldee,Y,North,,543431,11e83fe0-90a8-92fc-8b81-aa1c026db3d8,eLDee,exact_ng,Y
falz,Falz,Y,South,Lagos,5416,11e83fe0-e52a-77fa-af82-aa1c026db3d8,Falz,exact_ng,Y
fela-kuti,Fela Kuti,Y,,,1194,11e81bc7-c756-75e0-a28d-a0369fe50396,Fela Kuti,exact_ng,Y
fireboy-dml,Fireboy DML,Y,South,Ogun,1359817,18505440-d214-11e8-bcf0-525400009efb,Fireboy Dml,exact_ng,Y
flavour,Flavour,Y,South,Anambra,56982,11e83fdf-c3b8-53ae-b7d1-aa1c026db3d8,Flavour,exact_ng,Y
flavour-n-abania,Flavour N'abania,Y,,,372062,11e81bbf-ed91-481e-a3ef-a0369fe50396,Flavour N'abania,exact_no_country,Y
harrysong,HarrySong,Y,South,,268217,11e81bd2-6718-fb34-9bfb-a0369fe50396,Harrysong,exact_ng,Y
ice-prince,Ice Prince,Y,North,,4107,11e81bc7-f9e2-7824-a703-a0369fe50396,Ice Prince,exact_ng,Y
illbliss,Illbliss,Y,,,43445,11e83fe0-e3c9-5aa2-bb73-aa1c026db3d8,Illbliss,exact_ng,Y
iyanya,Iyanya,Y,,,211380,11e81bc8-110a-24b6-9b11-a0369fe50396,Iyanya,exact_ng,Y
jesse-jagz,Jesse Jagz,Y,North,,194174,11e81bc8-c2ab-e77c-873e-a0369fe50396,Jesse Jagz,exact_ng,Y
joeboy,Joeboy,Y,South,Edo,1141538,e344e41a-d8e3-11e8-bc95-549f35161576,Joeboy,exact_ng,Y
johnny-drille,Johnny Drille,Y,South,,521793,11e83fe6-226c-8e46-bf3a-aa1c026db3d8,Johnny Drille,exact_ng,Y
khaid,Khaid,Y,South,,8358898,f24b2fd8-a778-47aa-a656-a3e9dd2daa6a,Khaid,exact_ng,Y
king-sunny-ade,King Sunny Ade,Y,,,47108,11e81bd3-3141-7c42-be28-a0369fe50396,King Sunny Ade,exact_ng,Y
kizz-daniel,Kizz Daniel,Y,South,Ogun,1033822,0c223d4e-f72d-11e8-aee9-549f35141000,Kizz Daniel,exact_ng,Y
korede-bello,Korede Bello,Y,,,161462,11e81bbf-fd1a-43d0-8484-a0369fe50396,Korede Bello,exact_ng,Y
ladipoe,LADIPOE,Y,South,Lagos,747150,11e83fed-0195-65ce-9525-aa1c026db3d8,LADIPOE,exact_ng,Y
lady-donli,Lady Donli,Y,,,629778,11e83fe6-189b-4d30-b6d4-aa1c026db3d8,Lady Donli,exact_ng,Y
lagbaja,Lagbaja,Y,,,112315,11e81bc7-e1cf-6d28-8888-a0369fe50396,Lagbaja,exact_ng,Y
libianca,Libianca,Y,,,3976019,8ac4922c-c67c-11e9-8c7b-e4434b16cb7a,Libianca,exact_foreign,Y
lil-kesh,Lil Kesh,Y,,,5380,11e81bcd-5d1d-0f44-ae3c-a0369fe50396,Lil Kesh,exact_ng,Y
lojay,Lojay,Y,South,Lagos,1407482,f8eb637c-c211-11e8-b77a-525400009efb,Lojay,exact_ng,Y
lyta,Lyta,Y,,,883219,11e81bbb-6acc-51ca-92f0-a0369fe50396,Lyta,exact_ng,Y
m-i-abaga,M.I. Abaga,Y,South,Plateau,57275,11e83fe1-56b0-dffe-9f76-a0369fe50396,M.I. Abaga,exact_ng,Y
magixx,Magixx,Y,,,3385702,414cd652-df48-11e8-9171-525400009efb,Magixx,exact_ng,Y
maleek-berry,Maleek Berry,Y,,,5370,11e81bcc-e0c6-1ac6-8e28-a0369fe50396,Maleek Berry,exact_foreign,Y
mannywellz,Mannywellz,Y,,,260858,11e81bc8-963c-aa3c-ae8c-a0369fe50396,Mannywellz,exact_foreign,Y
mayorkun,Mayorkun,Y,South,Lagos,261082,11e83fe7-2879-668c-bd4f-aa1c026db3d8,Mayorkun,exact_ng,Y
mohbad,Mohbad,Y,South,Ogun,1572633,265de3e0-47bc-11e9-a956-549f35141000,Mohbad,exact_ng,Y
mr-eazi,Mr Eazi,Y,South,Edo,211382,66436e6e-b7ff-11e8-9127-525400009efb,Mr Eazi,exact_ng,Y
mr-real,Mr Real,Y,,,818502,426cd532-b338-11e8-9639-525400009efb,Mr Real,exact_ng,Y
naeto-c,Naeto C,Y,,,429240,11e81bbb-1880-fe2a-8f70-a0369fe50396,Naeto C,exact_ng,Y
naira-marley,Naira Marley,Y,South,Lagos,427024,11e81bc0-b6b1-58b0-83bc-a0369fe50396,Naira Marley,exact_ng,Y
niniola,Niniola,Y,South,Lagos,409530,11e83fe2-d671-ff6a-aea5-aa1c026db3d8,Niniola,exact_ng,Y
nonso-amadi,Nonso Amadi,Y,,,485812,11e83fe5-f9e3-6198-b06b-aa1c026db3d8,Nonso Amadi,exact_foreign,Y
odumodublvck,ODUMODUBLVCK,Y,South,,3606151,87c9bd86-7bdb-11e9-b465-549f35161576,Odumodublvck,exact_ng,Y
odunsi,Odunsi,Y,,,1439568,640cdc3e-ef4a-11e8-9bac-00163ec5a2fb,Odunsi,exact_no_country,Y
odunsi-the-engine,Odunsi (The Engine),Y,South,,11587,11e83fe6-831b-0934-b352-a0369fe50396,Odunsi (The Engine),exact_ng,Y
olakira,Olakira,Y,,,1103816,11e8aa02-78e4-3c8e-b8d9-525400009efb,Olakira,exact_ng,Y
olamide,Olamide,Y,South,Ogun,5061,11e81bbc-22c1-79ea-a928-a0369fe50396,Olamide,exact_ng,Y
olu-maintain,Olu Maintain,Y,,,29054,11e81bca-b94a-fe82-9f52-a0369fe50396,Olu Maintain,exact_ng,Y
omah-lay,Omah Lay,Y,South,Rivers,3578130,28810016-6284-11e9-bd7c-549f35141000,Omah lay,exact_ng,Y
oritsefemi,Oritsefemi,Y,,,3803802,11e83fe0-0d23-3428-8a15-aa1c026db3d8,Oritsefemi,exact_ng,Y
oxlade,Oxlade,Y,South,Lagos,1373421,11e83fe8-3ab6-b934-a324-a0369fe50396,Oxlade,exact_ng,Y
p-square,P-Square,Y,South,,3740,11e81bcd-4ae0-f2a0-8ba7-a0369fe50396,P-Square,exact_ng,Y
patoranking,Patoranking,Y,South,Lagos,5321,11e81bca-1407-d954-8977-a0369fe50396,Patoranking,exact_ng,Y
peruzzi,Peruzzi,Y,,,745195,11e83fec-c2fa-43d4-9a80-aa1c026db3d8,Peruzzi,exact_ng,Y
pheelz,Pheelz,Y,,,406946,11e81bc8-7e8b-eccc-ac06-a0369fe50396,Pheelz,exact_ng,Y
phyno,Phyno,Y,South,Anambra,5012,11e81bc9-122a-1df0-971e-a0369fe50396,Phyno,exact_ng,Y
portable,Portable,Y,South,Ogun,8230229,dd38b978-78e2-410c-a4eb-09ab5c78bbb6,Portable,exact_ng,Y
praiz,Praiz,Y,,,310091,11e83fe1-242a-2ab8-8591-aa1c026db3d8,Praiz,exact_ng,Y
prettyboy-d-o,Prettyboy D-O,Y,,,918914,11e83fee-c29b-6c9a-88c9-aa1c026db3d8,Prettyboy D-O,exact_ng,Y
qing-madi,Qing Madi,Y,South,,9785228,05192496-df0f-479c-b2cf-b8d9cde3b1a4,Qing Madi,exact_ng,Y
reekado-banks,Reekado Banks,Y,South,Lagos,237551,11e81bd2-b452-2f60-976a-a0369fe50396,Reekado Banks,exact_ng,Y
rema,Rema,Y,South,Edo,1426518,83f78e52-2a25-11e9-9063-00163ec5a2fb,Rema,exact_ng,Y
reminisce,Reminisce,Y,,,317357,11e83fe0-a072-2798-bce7-aa1c026db3d8,Reminisce,exact_ng,Y
ric-hassani,Ric Hassani,Y,,,638877,11e83fe8-f69b-3896-9a79-a0369fe50396,Ric Hassani,exact_ng,Y
rude-boy,Rude Boy,Y,South,,1630426,ae344c3a-95a2-4f06-99c6-574753ea9247,Rude Boy,exact_foreign,Y
ruger,Ruger,Y,South,Lagos,4198930,69a954da-0785-11e9-9ea6-00163ec5a2fb,ruger,exact_ng,Y
sarz,Sarz,Y,,,308113,11e83fe3-41a0-29c4-a682-aa1c026db3d8,Sarz,exact_ng,Y
sauce-kid,Sauce Kid,Y,,,321148,11e81bc9-81de-0ddc-ac7d-a0369fe50396,Sauce Kid,exact_foreign,Y
sean-tizzle,Sean Tizzle,Y,,,203976,11e83fe0-f3cf-b8ce-8676-a0369fe50396,Sean Tizzle,exact_ng,Y
seyi-shay,Seyi Shay,Y,,,39092,11e81bbf-6a12-ce54-a84f-a0369fe50396,Seyi Shay,exact_ng,Y
seyi-vibez,Seyi Vibez,Y,South,Lagos,1637455,ec4d0e38-9a63-11e9-a0dd-801844edfa71,Seyi Vibez,exact_ng,Y
shallipopi,Shallipopi,Y,South,,6487237,87954391-78cf-4f78-ab80-a4a988c2ff44,Shallipopi,exact_ng,Y
show-dem-camp,Show Dem Camp,Y,,,655429,11e83fec-0262-8fc8-9c49-a0369fe50396,Show Dem Camp,exact_ng,Y
simi,Simi,Y,South,Lagos,374667,11e81bc0-9207-36ce-8a33-a0369fe50396,Simi,exact_ng,Y
skiibii,Skiibii,Y,South,,680380,11e83fe2-1ca0-e448-be29-a0369fe50396,Skiibii,exact_ng,Y
small-doctor,Small Doctor,Y,,,515515,11e83fe4-78c4-0960-8e65-aa1c026db3d8,Small Doctor,exact_ng,Y
solidstar,Solidstar,Y,,,92994,11e83fe0-0bd3-02b0-87d2-a0369fe50396,Solidstar,exact_ng,Y
sound-sultan,Sound Sultan,Y,South,Ogun,249694,11e81bc0-a2d2-6352-b600-a0369fe50396,Sound Sultan,exact_ng,Y
spyro,Spyro,Y,,,536112,11e83fe9-1ec3-8e86-a297-a0369fe50396,Spyro,exact_ng,Y
tay-iwar,Tay Iwar,Y,,,565281,11e83fec-3688-4298-b10b-a0369fe50396,Tay Iwar,exact_ng,Y
tekno,Tekno,Y,South,Delta,426512,11e81bc9-b5f6-4382-b877-a0369fe50396,Tekno,exact_ng,Y
tempoe,Tempoe,Y,,,9190388,d5a762fe-5d2d-4417-9aa7-cdd3e418bfb7,Tempoe,exact_foreign,Y
tems,Tems,Y,South,Lagos,1345060,11e8aa04-ab2d-ccbc-9d98-525400009efb,Tems,exact_ng,Y
teni,Teni,Y,South,Ekiti,349654,ea14144c-f8a4-11e8-b144-549f35141000,Teni,exact_ng,Y
terri,Terri,Y,,,883093,7d94c93e-b2c1-11e8-adde-525400009efb,Terri,exact_ng,Y
terry-apala,Terry Apala,Y,,,228944,11e83fe7-dbf6-6db8-8d80-aa1c026db3d8,Terry Apala,exact_ng,Y
timaya,Timaya,Y,South,Bayelsa,210713,11e81bc1-eba2-7166-9321-a0369fe50396,Timaya,exact_ng,Y
tiwa-savage,Tiwa Savage,Y,South,Ogun,4686,11e81bbe-aaa0-d7c8-95de-a0369fe50396,Tiwa Savage,exact_ng,Y
vector,Vector,Y,South,Lagos,170806,11e81bca-e330-3a0a-8525-a0369fe50396,Vector,exact_ng,Y
victony,Victony,Y,,,3905071,2bfde0ba-6cd9-11e9-80c0-00163ec5a2fb,Victony,exact_ng,Y
waje,Waje,Y,,,429450,11e83fe0-0ed9-4abe-bd27-aa1c026db3d8,Waje,exact_ng,Y
wande-coal,Wande Coal,Y,,,3499,11e81bc7-d221-7a06-9423-a0369fe50396,Wande Coal,exact_ng,Y
wizkid,Wizkid,Y,South,Lagos,4390,11e81bbb-8063-e642-9bd4-a0369fe50396,WizKid,exact_ng,Y
wurld,WurlD,Y,,,424613,11e81bbf-bd71-282a-bcb4-a0369fe50396,Wurld,exact_foreign,Y
ycee,Ycee,Y,South,Lagos,5382,11e81bbc-4157-d70a-8007-a0369fe50396,YCEE,exact_ng,Y
yemi-alade,Yemi Alade,Y,South,Edo,211381,11e81bbc-82d3-402a-8e1b-a0369fe50396,Yemi Alade,exact_ng,Y
young-jonn,Young Jonn,Y,South,,1186093,c3bea966-f6d7-11e8-ae58-549f35141000,Young Jonn,exact_ng,Y
yung6ix,Yung6ix,Y,,,5060,11e81bbc-a4b1-4c78-931c-a0369fe50396,Yung6ix,exact_ng,Y
zinoleesky,Zinoleesky,Y,South,Lagos,1582294,fcb44610-7ace-11e9-892e-801844edfa71,Zinoleesky,exact_ng,Y
zlatan,Zlatan,Y,South,Ogun,392233,11e83fe0-3cd7-d444-8ada-aa1c026db3d8,Zlatan,exact_ng,Y
