period,artist_name,total_streaming_revenue_usd,nigeria_domestic_share_pct,domestic_revenue_usd,export_share_pct,gross_export_revenue_usd,gross_export_revenue_ngn,top_export_markets,source
Q1_2025,2Baba,47330.94,30,14199.28,70,33131.66,49697485.32,"US, UK, France, Ghana, South Africa",Chartmetric + SoundCharts + WIPO 2025 methodology
Q1_2025,9ice,15403.98,30,4621.19,70,10782.78,16174175.85,"US, UK, France, Ghana, South Africa",Chartmetric + SoundCharts + WIPO 2025 methodology
Q1_2025,Adekunle Gold,198320.5,30,59496.15,70,138824.35,208236527.3,"US, UK, France, Ghana, South Africa",Chartmetric + SoundCharts + WIPO 2025 methodology
Q1_2025,Ajebutter22,19307.45,30,5792.24,70,13515.22,20272826.07,"US, UK, France, Ghana, South Africa",Chartmetric + SoundCharts + WIPO 2025 methodology
Q1_2025,Amaarae,370731.84,30,111219.55,70,259512.29,389268428.9,"US, UK, France, Ghana, South Africa",Chartmetric + SoundCharts + WIPO 2025 methodology
Q1_2025,Asake,573995.71,30,172198.71,70,401797,602695497.4,"US, UK, France, Ghana, South Africa",Chartmetric + SoundCharts + WIPO 2025 methodology
Q1_2025,Ayra Starr,1562086.53,30,468625.96,70,1093460.57,1640190859,"US, UK, France, Ghana, South Africa",Chartmetric + SoundCharts + WIPO 2025 methodology
Q1_2025,Aṣa,38907.15,30,11672.14,70,27235,40852505.4,"US, UK, France, Ghana, South Africa",Chartmetric + SoundCharts + WIPO 2025 methodology
Q1_2025,BNXN,293358.21,30,88007.46,70,205350.75,308026121.1,"US, UK, France, Ghana, South Africa",Chartmetric + SoundCharts + WIPO 2025 methodology
Q1_2025,Bad Boy Timz,32440.01,30,9732,70,22708.01,34062010.92,"US, UK, France, Ghana, South Africa",Chartmetric + SoundCharts + WIPO 2025 methodology
Q1_2025,Banky W.,18412.3,30,5523.69,70,12888.61,19332918.78,"US, UK, France, Ghana, South Africa",Chartmetric + SoundCharts + WIPO 2025 methodology
Q1_2025,Bayanni,143434.35,30,43030.31,70,100404.05,150606071.3,"US, UK, France, Ghana, South Africa",Chartmetric + SoundCharts + WIPO 2025 methodology
Q1_2025,Bella Shmurda,177797.41,30,53339.22,70,124458.18,186687276.3,"US, UK, France, Ghana, South Africa",Chartmetric + SoundCharts + WIPO 2025 methodology
Q1_2025,Blaqbonez,118037.19,30,35411.16,70,82626.03,123939050.8,"US, UK, France, Ghana, South Africa",Chartmetric + SoundCharts + WIPO 2025 methodology
Q1_2025,Bloody Civilian,53821.69,30,16146.51,70,37675.19,56512778.49,"US, UK, France, Ghana, South Africa",Chartmetric + SoundCharts + WIPO 2025 methodology
Q1_2025,Boj,54910.88,30,16473.26,70,38437.61,57656419.38,"US, UK, France, Ghana, South Africa",Chartmetric + SoundCharts + WIPO 2025 methodology
Q1_2025,Boy Spyce,53707.8,30,16112.34,70,37595.46,56393191.26,"US, UK, France, Ghana, South Africa",Chartmetric + SoundCharts + WIPO 2025 methodology
Q1_2025,Bracket,42987.02,30,12896.11,70,30090.92,45136375.83,"US, UK, France, Ghana, South Africa",Chartmetric + SoundCharts + WIPO 2025 methodology
Q1_2025,Brymo,24393.32,30,7318,70,17075.33,25612990.83,"US, UK, France, Ghana, South Africa",Chartmetric + SoundCharts + WIPO 2025 methodology
Q1_2025,Burna Boy,10.07,30,3.02,70,7.05,10573.92,"US, UK, France, Ghana, South Africa",Chartmetric + SoundCharts + WIPO 2025 methodology
Q1_2025,CDQ,4812.86,30,1443.86,70,3369,5053505.94,"US, UK, France, Ghana, South Africa",Chartmetric + SoundCharts + WIPO 2025 methodology
Q1_2025,CKay,670882.61,30,201264.78,70,469617.82,704426736.3,"US, UK, France, Ghana, South Africa",Chartmetric + SoundCharts + WIPO 2025 methodology
Q1_2025,Chike,324177.83,30,97253.35,70,226924.48,340386720,"US, UK, France, Ghana, South Africa",Chartmetric + SoundCharts + WIPO 2025 methodology
Q1_2025,Crayon,153990.45,30,46197.13,70,107793.31,161689967.7,"US, UK, France, Ghana, South Africa",Chartmetric + SoundCharts + WIPO 2025 methodology
Q1_2025,Cruel Santino,34281.99,30,10284.6,70,23997.4,35996094.54,"US, UK, France, Ghana, South Africa",Chartmetric + SoundCharts + WIPO 2025 methodology
Q1_2025,D'banj,32155.42,30,9646.63,70,22508.79,33763191.21,"US, UK, France, Ghana, South Africa",Chartmetric + SoundCharts + WIPO 2025 methodology
Q1_2025,DJ Cuppy,0.05,30,0.02,70,0.04,57.33,"US, UK, France, Ghana, South Africa",Chartmetric + SoundCharts + WIPO 2025 methodology
Q1_2025,DJ Neptune,50995.99,30,15298.8,70,35697.19,53545786.56,"US, UK, France, Ghana, South Africa",Chartmetric + SoundCharts + WIPO 2025 methodology
Q1_2025,DJ Spinall,64380.72,30,19314.21,70,45066.5,67599750.96,"US, UK, France, Ghana, South Africa",Chartmetric + SoundCharts + WIPO 2025 methodology
Q1_2025,Dammy Krane,1673.53,30,502.06,70,1171.47,1757207.97,"US, UK, France, Ghana, South Africa",Chartmetric + SoundCharts + WIPO 2025 methodology
Q1_2025,Darey,16569.65,30,4970.89,70,11598.75,17398132.29,"US, UK, France, Ghana, South Africa",Chartmetric + SoundCharts + WIPO 2025 methodology
Q1_2025,Darkoo,260358.41,30,78107.52,70,182250.89,273376328.4,"US, UK, France, Ghana, South Africa",Chartmetric + SoundCharts + WIPO 2025 methodology
Q1_2025,Davido,850302.79,30,255090.84,70,595211.96,892817934.5,"US, UK, France, Ghana, South Africa",Chartmetric + SoundCharts + WIPO 2025 methodology
Q1_2025,Dice Ailes,14716.69,30,4415.01,70,10301.69,15452527.86,"US, UK, France, Ghana, South Africa",Chartmetric + SoundCharts + WIPO 2025 methodology
Q1_2025,Dremo,10838.87,30,3251.66,70,7587.21,11380811.4,"US, UK, France, Ghana, South Africa",Chartmetric + SoundCharts + WIPO 2025 methodology
Q1_2025,Duncan Mighty,27692.6,30,8307.78,70,19384.82,29077227.06,"US, UK, France, Ghana, South Africa",Chartmetric + SoundCharts + WIPO 2025 methodology
Q1_2025,Eldee,3262.71,30,978.81,70,2283.9,3425844.87,"US, UK, France, Ghana, South Africa",Chartmetric + SoundCharts + WIPO 2025 methodology
Q1_2025,Falz,40862.57,30,12258.77,70,28603.8,42905699.76,"US, UK, France, Ghana, South Africa",Chartmetric + SoundCharts + WIPO 2025 methodology
Q1_2025,Fela Kuti,37162.86,30,11148.86,70,26014,39021001.11,"US, UK, France, Ghana, South Africa",Chartmetric + SoundCharts + WIPO 2025 methodology
Q1_2025,Fireboy DML,602614.31,30,180784.29,70,421830.02,632745023.2,"US, UK, France, Ghana, South Africa",Chartmetric + SoundCharts + WIPO 2025 methodology
Q1_2025,Flavour,698117.03,30,209435.11,70,488681.92,733022883.8,"US, UK, France, Ghana, South Africa",Chartmetric + SoundCharts + WIPO 2025 methodology
Q1_2025,Flavour N'abania,650048.94,30,195014.68,70,455034.26,682551385.1,"US, UK, France, Ghana, South Africa",Chartmetric + SoundCharts + WIPO 2025 methodology
Q1_2025,HarrySong,21642.48,30,6492.74,70,15149.73,22724600.85,"US, UK, France, Ghana, South Africa",Chartmetric + SoundCharts + WIPO 2025 methodology
Q1_2025,Ice Prince,50787.46,30,15236.24,70,35551.22,53326829.64,"US, UK, France, Ghana, South Africa",Chartmetric + SoundCharts + WIPO 2025 methodology
Q1_2025,Illbliss,14398.7,30,4319.61,70,10079.09,15118638.57,"US, UK, France, Ghana, South Africa",Chartmetric + SoundCharts + WIPO 2025 methodology
Q1_2025,Iyanya,62448.12,30,18734.44,70,43713.68,65570523.69,"US, UK, France, Ghana, South Africa",Chartmetric + SoundCharts + WIPO 2025 methodology
Q1_2025,Jesse Jagz,5649.18,30,1694.75,70,3954.43,5931641.52,"US, UK, France, Ghana, South Africa",Chartmetric + SoundCharts + WIPO 2025 methodology
Q1_2025,Joeboy,466500.59,30,139950.18,70,326550.41,489825620.6,"US, UK, France, Ghana, South Africa",Chartmetric + SoundCharts + WIPO 2025 methodology
Q1_2025,Johnny Drille,30704,30,9211.2,70,21492.8,32239196.64,"US, UK, France, Ghana, South Africa",Chartmetric + SoundCharts + WIPO 2025 methodology
Q1_2025,Khaid,144990.87,30,43497.26,70,101493.61,152240416,"US, UK, France, Ghana, South Africa",Chartmetric + SoundCharts + WIPO 2025 methodology
Q1_2025,King Sunny Ade,9387.03,30,2816.11,70,6570.92,9856380.87,"US, UK, France, Ghana, South Africa",Chartmetric + SoundCharts + WIPO 2025 methodology
Q1_2025,Kizz Daniel,802607.89,30,240782.37,70,561825.52,842738280.3,"US, UK, France, Ghana, South Africa",Chartmetric + SoundCharts + WIPO 2025 methodology
Q1_2025,Korede Bello,53096.33,30,15928.9,70,37167.43,55751143.98,"US, UK, France, Ghana, South Africa",Chartmetric + SoundCharts + WIPO 2025 methodology
Q1_2025,LADIPOE,77757.66,30,23327.3,70,54430.36,81645547.41,"US, UK, France, Ghana, South Africa",Chartmetric + SoundCharts + WIPO 2025 methodology
Q1_2025,Lady Donli,9827.46,30,2948.24,70,6879.22,10318833.63,"US, UK, France, Ghana, South Africa",Chartmetric + SoundCharts + WIPO 2025 methodology
Q1_2025,Lagbaja,1602.69,30,480.81,70,1121.88,1682823.24,"US, UK, France, Ghana, South Africa",Chartmetric + SoundCharts + WIPO 2025 methodology
Q1_2025,Libianca,539681.82,30,161904.55,70,377777.28,566665914.6,"US, UK, France, Ghana, South Africa",Chartmetric + SoundCharts + WIPO 2025 methodology
Q1_2025,Lil Kesh,57953.6,30,17386.08,70,40567.52,60851276.22,"US, UK, France, Ghana, South Africa",Chartmetric + SoundCharts + WIPO 2025 methodology
Q1_2025,Lojay,283343.79,30,85003.14,70,198340.65,297510979.5,"US, UK, France, Ghana, South Africa",Chartmetric + SoundCharts + WIPO 2025 methodology
Q1_2025,Lyta,31464.95,30,9439.48,70,22025.46,33038194.14,"US, UK, France, Ghana, South Africa",Chartmetric + SoundCharts + WIPO 2025 methodology
Q1_2025,M.I. Abaga,31028.33,30,9308.5,70,21719.83,32579743.77,"US, UK, France, Ghana, South Africa",Chartmetric + SoundCharts + WIPO 2025 methodology
Q1_2025,Magixx,112447.31,30,33734.19,70,78713.12,118069679.7,"US, UK, France, Ghana, South Africa",Chartmetric + SoundCharts + WIPO 2025 methodology
Q1_2025,Maleek Berry,89093.93,30,26728.18,70,62365.75,93548621.25,"US, UK, France, Ghana, South Africa",Chartmetric + SoundCharts + WIPO 2025 methodology
Q1_2025,Mannywellz,27198.95,30,8159.68,70,19039.26,28558894.14,"US, UK, France, Ghana, South Africa",Chartmetric + SoundCharts + WIPO 2025 methodology
Q1_2025,Mayorkun,116783.89,30,35035.17,70,81748.73,122623087.9,"US, UK, France, Ghana, South Africa",Chartmetric + SoundCharts + WIPO 2025 methodology
Q1_2025,Mohbad,84740.23,30,25422.07,70,59318.16,88977244.23,"US, UK, France, Ghana, South Africa",Chartmetric + SoundCharts + WIPO 2025 methodology
Q1_2025,Mr Eazi,245948.61,30,73784.58,70,172164.03,258246042.4,"US, UK, France, Ghana, South Africa",Chartmetric + SoundCharts + WIPO 2025 methodology
Q1_2025,Mr Real,2393.14,30,717.94,70,1675.2,2512801.62,"US, UK, France, Ghana, South Africa",Chartmetric + SoundCharts + WIPO 2025 methodology
Q1_2025,Naeto C,4320.9,30,1296.27,70,3024.63,4536943.11,"US, UK, France, Ghana, South Africa",Chartmetric + SoundCharts + WIPO 2025 methodology
Q1_2025,Naira Marley,296585.03,30,88975.51,70,207609.52,311414281.9,"US, UK, France, Ghana, South Africa",Chartmetric + SoundCharts + WIPO 2025 methodology
Q1_2025,Niniola,32773.48,30,9832.04,70,22941.44,34412152.95,"US, UK, France, Ghana, South Africa",Chartmetric + SoundCharts + WIPO 2025 methodology
Q1_2025,Nonso Amadi,44736.62,30,13420.98,70,31315.63,46973446.38,"US, UK, France, Ghana, South Africa",Chartmetric + SoundCharts + WIPO 2025 methodology
Q1_2025,ODUMODUBLVCK,216071.59,30,64821.48,70,151250.11,226875167.2,"US, UK, France, Ghana, South Africa",Chartmetric + SoundCharts + WIPO 2025 methodology
Q1_2025,Odunsi (The Engine),22845.93,30,6853.78,70,15992.15,23988229.65,"US, UK, France, Ghana, South Africa",Chartmetric + SoundCharts + WIPO 2025 methodology
Q1_2025,Olakira,130983.45,30,39295.03,70,91688.41,137532618.7,"US, UK, France, Ghana, South Africa",Chartmetric + SoundCharts + WIPO 2025 methodology
Q1_2025,Olamide,266071.5,30,79821.45,70,186250.05,279375075.6,"US, UK, France, Ghana, South Africa",Chartmetric + SoundCharts + WIPO 2025 methodology
Q1_2025,Olu Maintain,4400.54,30,1320.16,70,3080.38,4620571.2,"US, UK, France, Ghana, South Africa",Chartmetric + SoundCharts + WIPO 2025 methodology
Q1_2025,Omah Lay,920686.51,30,276205.95,70,644480.55,966720831.3,"US, UK, France, Ghana, South Africa",Chartmetric + SoundCharts + WIPO 2025 methodology
Q1_2025,Oxlade,416954.9,30,125086.47,70,291868.43,437802647.1,"US, UK, France, Ghana, South Africa",Chartmetric + SoundCharts + WIPO 2025 methodology
Q1_2025,P-Square,189516.16,30,56854.85,70,132661.31,198991971.8,"US, UK, France, Ghana, South Africa",Chartmetric + SoundCharts + WIPO 2025 methodology
Q1_2025,Patoranking,142965.2,30,42889.56,70,100075.64,150113464,"US, UK, France, Ghana, South Africa",Chartmetric + SoundCharts + WIPO 2025 methodology
Q1_2025,Peruzzi,25044.68,30,7513.4,70,17531.27,26296911.27,"US, UK, France, Ghana, South Africa",Chartmetric + SoundCharts + WIPO 2025 methodology
Q1_2025,Pheelz,182623.17,30,54786.95,70,127836.22,191754327.9,"US, UK, France, Ghana, South Africa",Chartmetric + SoundCharts + WIPO 2025 methodology
Q1_2025,Phyno,111876.67,30,33563,70,78313.67,117470502.9,"US, UK, France, Ghana, South Africa",Chartmetric + SoundCharts + WIPO 2025 methodology
Q1_2025,Portable,62273.46,30,18682.04,70,43591.42,65387136.15,"US, UK, France, Ghana, South Africa",Chartmetric + SoundCharts + WIPO 2025 methodology
Q1_2025,Praiz,11758.35,30,3527.51,70,8230.85,12346271.28,"US, UK, France, Ghana, South Africa",Chartmetric + SoundCharts + WIPO 2025 methodology
Q1_2025,Prettyboy D-O,5927.59,30,1778.28,70,4149.31,6223971.6,"US, UK, France, Ghana, South Africa",Chartmetric + SoundCharts + WIPO 2025 methodology
Q1_2025,Qing Madi,130301.64,30,39090.49,70,91211.15,136816725.8,"US, UK, France, Ghana, South Africa",Chartmetric + SoundCharts + WIPO 2025 methodology
Q1_2025,Reekado Banks,57707.28,30,17312.18,70,40395.1,60592643.79,"US, UK, France, Ghana, South Africa",Chartmetric + SoundCharts + WIPO 2025 methodology
Q1_2025,Rema,1937779.74,30,581333.92,70,1356445.82,2034668730,"US, UK, France, Ghana, South Africa",Chartmetric + SoundCharts + WIPO 2025 methodology
Q1_2025,Reminisce,29233.35,30,8770.01,70,20463.35,30695020.65,"US, UK, France, Ghana, South Africa",Chartmetric + SoundCharts + WIPO 2025 methodology
Q1_2025,Ric Hassani,46839.1,30,14051.73,70,32787.37,49181058.36,"US, UK, France, Ghana, South Africa",Chartmetric + SoundCharts + WIPO 2025 methodology
Q1_2025,Rude Boy,12587.76,30,3776.33,70,8811.43,13217144.85,"US, UK, France, Ghana, South Africa",Chartmetric + SoundCharts + WIPO 2025 methodology
Q1_2025,Ruger,467708.7,30,140312.61,70,327396.09,491094133.5,"US, UK, France, Ghana, South Africa",Chartmetric + SoundCharts + WIPO 2025 methodology
Q1_2025,Sarz,203061.44,30,60918.43,70,142143.01,213214511.8,"US, UK, France, Ghana, South Africa",Chartmetric + SoundCharts + WIPO 2025 methodology
Q1_2025,Sauce Kid,680.17,30,204.05,70,476.12,714178.71,"US, UK, France, Ghana, South Africa",Chartmetric + SoundCharts + WIPO 2025 methodology
Q1_2025,Sean Tizzle,17358.01,30,5207.4,70,12150.61,18225910.08,"US, UK, France, Ghana, South Africa",Chartmetric + SoundCharts + WIPO 2025 methodology
Q1_2025,Seyi Shay,31459.56,30,9437.87,70,22021.69,33032539.89,"US, UK, France, Ghana, South Africa",Chartmetric + SoundCharts + WIPO 2025 methodology
Q1_2025,Seyi Vibez,210034.87,30,63010.46,70,147024.41,220536609.9,"US, UK, France, Ghana, South Africa",Chartmetric + SoundCharts + WIPO 2025 methodology
Q1_2025,Shallipopi,247368.41,30,74210.52,70,173157.89,259736833.4,"US, UK, France, Ghana, South Africa",Chartmetric + SoundCharts + WIPO 2025 methodology
Q1_2025,Show Dem Camp,26823.68,30,8047.1,70,18776.58,28164862.53,"US, UK, France, Ghana, South Africa",Chartmetric + SoundCharts + WIPO 2025 methodology
Q1_2025,Simi,252043.19,30,75612.96,70,176430.23,264645351.8,"US, UK, France, Ghana, South Africa",Chartmetric + SoundCharts + WIPO 2025 methodology
Q1_2025,Skiibii,97620.31,30,29286.09,70,68334.22,102501323.8,"US, UK, France, Ghana, South Africa",Chartmetric + SoundCharts + WIPO 2025 methodology
Q1_2025,Small Doctor,7755.6,30,2326.68,70,5428.92,8143381.26,"US, UK, France, Ghana, South Africa",Chartmetric + SoundCharts + WIPO 2025 methodology
Q1_2025,Solidstar,3731,30,1119.3,70,2611.7,3917550.42,"US, UK, France, Ghana, South Africa",Chartmetric + SoundCharts + WIPO 2025 methodology
Q1_2025,Sound Sultan,5845.75,30,1753.73,70,4092.03,6138037.71,"US, UK, France, Ghana, South Africa",Chartmetric + SoundCharts + WIPO 2025 methodology
Q1_2025,Spyro,131119.11,30,39335.73,70,91783.38,137675064.9,"US, UK, France, Ghana, South Africa",Chartmetric + SoundCharts + WIPO 2025 methodology
Q1_2025,Tay Iwar,50216.13,30,15064.84,70,35151.29,52726938.39,"US, UK, France, Ghana, South Africa",Chartmetric + SoundCharts + WIPO 2025 methodology
Q1_2025,Tekno,238868.3,30,71660.49,70,167207.81,250811711,"US, UK, France, Ghana, South Africa",Chartmetric + SoundCharts + WIPO 2025 methodology
Q1_2025,Tempoe,265191.54,30,79557.46,70,185634.08,278451113.2,"US, UK, France, Ghana, South Africa",Chartmetric + SoundCharts + WIPO 2025 methodology
Q1_2025,Tems,1120357.47,30,336107.24,70,784250.23,1176375344,"US, UK, France, Ghana, South Africa",Chartmetric + SoundCharts + WIPO 2025 methodology
Q1_2025,Teni,129270.67,30,38781.2,70,90489.47,135734200.8,"US, UK, France, Ghana, South Africa",Chartmetric + SoundCharts + WIPO 2025 methodology
Q1_2025,Terri,21599.62,30,6479.89,70,15119.74,22679604.36,"US, UK, France, Ghana, South Africa",Chartmetric + SoundCharts + WIPO 2025 methodology
Q1_2025,Terry Apala,11306.63,30,3391.99,70,7914.64,11871963.81,"US, UK, France, Ghana, South Africa",Chartmetric + SoundCharts + WIPO 2025 methodology
Q1_2025,Timaya,84777.35,30,25433.21,70,59344.15,89016218.76,"US, UK, France, Ghana, South Africa",Chartmetric + SoundCharts + WIPO 2025 methodology
Q1_2025,Tiwa Savage,304713.88,30,91414.16,70,213299.72,319949577.4,"US, UK, France, Ghana, South Africa",Chartmetric + SoundCharts + WIPO 2025 methodology
Q1_2025,Vector,30519.35,30,9155.8,70,21363.54,32045316.03,"US, UK, France, Ghana, South Africa",Chartmetric + SoundCharts + WIPO 2025 methodology
Q1_2025,Victony,461615.85,30,138484.76,70,323131.1,484696643.1,"US, UK, France, Ghana, South Africa",Chartmetric + SoundCharts + WIPO 2025 methodology
Q1_2025,Waje,11501.18,30,3450.35,70,8050.83,12076237.53,"US, UK, France, Ghana, South Africa",Chartmetric + SoundCharts + WIPO 2025 methodology
Q1_2025,Wande Coal,151152.44,30,45345.73,70,105806.71,158710059.3,"US, UK, France, Ghana, South Africa",Chartmetric + SoundCharts + WIPO 2025 methodology
Q1_2025,Wizkid,930339.75,30,279101.93,70,651237.83,976856737.5,"US, UK, France, Ghana, South Africa",Chartmetric + SoundCharts + WIPO 2025 methodology
Q1_2025,WurlD,28506.98,30,8552.09,70,19954.88,29932326.9,"US, UK, France, Ghana, South Africa",Chartmetric + SoundCharts + WIPO 2025 methodology
Q1_2025,Ycee,59084.9,30,17725.47,70,41359.43,62039143.53,"US, UK, France, Ghana, South Africa",Chartmetric + SoundCharts + WIPO 2025 methodology
Q1_2025,Yemi Alade,116218.61,30,34865.58,70,81353.02,122029536.1,"US, UK, France, Ghana, South Africa",Chartmetric + SoundCharts + WIPO 2025 methodology
Q1_2025,Young Jonn,210133.79,30,63040.14,70,147093.66,220640484.3,"US, UK, France, Ghana, South Africa",Chartmetric + SoundCharts + WIPO 2025 methodology
Q1_2025,Yung6ix,6201.5,30,1860.45,70,4341.05,6511579.2,"US, UK, France, Ghana, South Africa",Chartmetric + SoundCharts + WIPO 2025 methodology
Q1_2025,Zinoleesky,134512.73,30,40353.82,70,94158.91,141238364.4,"US, UK, France, Ghana, South Africa",Chartmetric + SoundCharts + WIPO 2025 methodology
Q1_2025,Zlatan,135805.27,30,40741.58,70,95063.69,142595536.2,"US, UK, France, Ghana, South Africa",Chartmetric + SoundCharts + WIPO 2025 methodology
Q1_2025,=== PERIOD TOTAL ===,,30,6981042.18,70,16289098.42,24433647630,,Aggregated
Q2_2025,2Baba,40327.77,30,12098.33,70,28229.44,42344159.34,"US, UK, France, Ghana, South Africa",Chartmetric + SoundCharts + WIPO 2025 methodology
Q2_2025,9ice,19278.55,30,5783.56,70,13494.98,20242473.3,"US, UK, France, Ghana, South Africa",Chartmetric + SoundCharts + WIPO 2025 methodology
Q2_2025,Adekunle Gold,169962.96,30,50988.89,70,118974.07,178461105.7,"US, UK, France, Ghana, South Africa",Chartmetric + SoundCharts + WIPO 2025 methodology
Q2_2025,Ajebutter22,20070.42,30,6021.13,70,14049.3,21073942.89,"US, UK, France, Ghana, South Africa",Chartmetric + SoundCharts + WIPO 2025 methodology
Q2_2025,Amaarae,394288.99,30,118286.7,70,276002.29,414003439.7,"US, UK, France, Ghana, South Africa",Chartmetric + SoundCharts + WIPO 2025 methodology
Q2_2025,Asake,548961.95,30,164688.58,70,384273.36,576410045.8,"US, UK, France, Ghana, South Africa",Chartmetric + SoundCharts + WIPO 2025 methodology
Q2_2025,Ayra Starr,1331911.75,30,399573.52,70,932338.22,1398507332,"US, UK, France, Ghana, South Africa",Chartmetric + SoundCharts + WIPO 2025 methodology
Q2_2025,Aṣa,33687.99,30,10106.4,70,23581.59,35372387.19,"US, UK, France, Ghana, South Africa",Chartmetric + SoundCharts + WIPO 2025 methodology
Q2_2025,BNXN,342301.67,30,102690.5,70,239611.17,359416752,"US, UK, France, Ghana, South Africa",Chartmetric + SoundCharts + WIPO 2025 methodology
Q2_2025,Bad Boy Timz,39317.54,30,11795.26,70,27522.28,41283413.64,"US, UK, France, Ghana, South Africa",Chartmetric + SoundCharts + WIPO 2025 methodology
Q2_2025,Banky W.,18169.41,30,5450.82,70,12718.59,19077879.03,"US, UK, France, Ghana, South Africa",Chartmetric + SoundCharts + WIPO 2025 methodology
Q2_2025,Bayanni,147964.82,30,44389.45,70,103575.38,155363063.9,"US, UK, France, Ghana, South Africa",Chartmetric + SoundCharts + WIPO 2025 methodology
Q2_2025,Bella Shmurda,213352.1,30,64005.63,70,149346.47,224019707.3,"US, UK, France, Ghana, South Africa",Chartmetric + SoundCharts + WIPO 2025 methodology
Q2_2025,Blaqbonez,125554,30,37666.2,70,87887.8,131831696.4,"US, UK, France, Ghana, South Africa",Chartmetric + SoundCharts + WIPO 2025 methodology
Q2_2025,Bloody Civilian,72840.37,30,21852.11,70,50988.26,76482391.23,"US, UK, France, Ghana, South Africa",Chartmetric + SoundCharts + WIPO 2025 methodology
Q2_2025,Boj,80084.7,30,24025.41,70,56059.29,84088939.41,"US, UK, France, Ghana, South Africa",Chartmetric + SoundCharts + WIPO 2025 methodology
Q2_2025,Boy Spyce,57892.01,30,17367.6,70,40524.41,60786608.4,"US, UK, France, Ghana, South Africa",Chartmetric + SoundCharts + WIPO 2025 methodology
Q2_2025,Bracket,47342.7,30,14202.81,70,33139.89,49709835.21,"US, UK, France, Ghana, South Africa",Chartmetric + SoundCharts + WIPO 2025 methodology
Q2_2025,Brymo,26669.1,30,8000.73,70,18668.37,28002552.48,"US, UK, France, Ghana, South Africa",Chartmetric + SoundCharts + WIPO 2025 methodology
Q2_2025,Burna Boy,9.14,30,2.74,70,6.4,9599.31,"US, UK, France, Ghana, South Africa",Chartmetric + SoundCharts + WIPO 2025 methodology
Q2_2025,CDQ,9445.23,30,2833.57,70,6611.66,9917488.35,"US, UK, France, Ghana, South Africa",Chartmetric + SoundCharts + WIPO 2025 methodology
Q2_2025,CKay,708779.45,30,212633.84,70,496145.62,744218423.1,"US, UK, France, Ghana, South Africa",Chartmetric + SoundCharts + WIPO 2025 methodology
Q2_2025,Chike,347039.74,30,104111.92,70,242927.82,364391729.1,"US, UK, France, Ghana, South Africa",Chartmetric + SoundCharts + WIPO 2025 methodology
Q2_2025,Crayon,134239.26,30,40271.78,70,93967.48,140951219,"US, UK, France, Ghana, South Africa",Chartmetric + SoundCharts + WIPO 2025 methodology
Q2_2025,Cruel Santino,42689.23,30,12806.77,70,29882.46,44823690.45,"US, UK, France, Ghana, South Africa",Chartmetric + SoundCharts + WIPO 2025 methodology
Q2_2025,D'banj,32646.96,30,9794.09,70,22852.87,34279311.57,"US, UK, France, Ghana, South Africa",Chartmetric + SoundCharts + WIPO 2025 methodology
Q2_2025,DJ Cuppy,0.05,30,0.02,70,0.04,57.33,"US, UK, France, Ghana, South Africa",Chartmetric + SoundCharts + WIPO 2025 methodology
Q2_2025,DJ Neptune,58765.41,30,17629.62,70,41135.79,61703685.33,"US, UK, France, Ghana, South Africa",Chartmetric + SoundCharts + WIPO 2025 methodology
Q2_2025,DJ Spinall,65431.2,30,19629.36,70,45801.84,68702761.26,"US, UK, France, Ghana, South Africa",Chartmetric + SoundCharts + WIPO 2025 methodology
Q2_2025,Dammy Krane,1690.61,30,507.18,70,1183.43,1775145.33,"US, UK, France, Ghana, South Africa",Chartmetric + SoundCharts + WIPO 2025 methodology
Q2_2025,Darey,18778.95,30,5633.68,70,13145.26,19717893.72,"US, UK, France, Ghana, South Africa",Chartmetric + SoundCharts + WIPO 2025 methodology
Q2_2025,Darkoo,342428.39,30,102728.52,70,239699.87,359549808,"US, UK, France, Ghana, South Africa",Chartmetric + SoundCharts + WIPO 2025 methodology
Q2_2025,Davido,917622.59,30,275286.78,70,642335.81,963503720.8,"US, UK, France, Ghana, South Africa",Chartmetric + SoundCharts + WIPO 2025 methodology
Q2_2025,Dice Ailes,19263.52,30,5779.06,70,13484.47,20226699.99,"US, UK, France, Ghana, South Africa",Chartmetric + SoundCharts + WIPO 2025 methodology
Q2_2025,Dremo,16505.02,30,4951.51,70,11553.51,17330268.69,"US, UK, France, Ghana, South Africa",Chartmetric + SoundCharts + WIPO 2025 methodology
Q2_2025,Duncan Mighty,31065.47,30,9319.64,70,21745.83,32618745.18,"US, UK, France, Ghana, South Africa",Chartmetric + SoundCharts + WIPO 2025 methodology
Q2_2025,Eldee,3180.2,30,954.06,70,2226.14,3339212.31,"US, UK, France, Ghana, South Africa",Chartmetric + SoundCharts + WIPO 2025 methodology
Q2_2025,Falz,60834.95,30,18250.49,70,42584.47,63876698.97,"US, UK, France, Ghana, South Africa",Chartmetric + SoundCharts + WIPO 2025 methodology
Q2_2025,Fela Kuti,34011.88,30,10203.56,70,23808.31,35712472.11,"US, UK, France, Ghana, South Africa",Chartmetric + SoundCharts + WIPO 2025 methodology
Q2_2025,Fireboy DML,590034.35,30,177010.3,70,413024.04,619536063.1,"US, UK, France, Ghana, South Africa",Chartmetric + SoundCharts + WIPO 2025 methodology
Q2_2025,Flavour,717699.69,30,215309.91,70,502389.79,753584678.3,"US, UK, France, Ghana, South Africa",Chartmetric + SoundCharts + WIPO 2025 methodology
Q2_2025,Flavour N'abania,666218.73,30,199865.62,70,466353.11,699529667.1,"US, UK, France, Ghana, South Africa",Chartmetric + SoundCharts + WIPO 2025 methodology
Q2_2025,HarrySong,22353.49,30,6706.05,70,15647.44,23471159.67,"US, UK, France, Ghana, South Africa",Chartmetric + SoundCharts + WIPO 2025 methodology
Q2_2025,Ice Prince,56319.99,30,16896,70,39424,59135993.91,"US, UK, France, Ghana, South Africa",Chartmetric + SoundCharts + WIPO 2025 methodology
Q2_2025,Illbliss,12743.22,30,3822.97,70,8920.25,13380378.48,"US, UK, France, Ghana, South Africa",Chartmetric + SoundCharts + WIPO 2025 methodology
Q2_2025,Iyanya,62622.35,30,18786.7,70,43835.64,65753464.77,"US, UK, France, Ghana, South Africa",Chartmetric + SoundCharts + WIPO 2025 methodology
Q2_2025,Jesse Jagz,6151.17,30,1845.35,70,4305.82,6458733.54,"US, UK, France, Ghana, South Africa",Chartmetric + SoundCharts + WIPO 2025 methodology
Q2_2025,Joeboy,453203.4,30,135961.02,70,317242.38,475863575,"US, UK, France, Ghana, South Africa",Chartmetric + SoundCharts + WIPO 2025 methodology
Q2_2025,Johnny Drille,212766.99,30,63830.1,70,148936.9,223405342.7,"US, UK, France, Ghana, South Africa",Chartmetric + SoundCharts + WIPO 2025 methodology
Q2_2025,Khaid,176650.84,30,52995.25,70,123655.59,185483381,"US, UK, France, Ghana, South Africa",Chartmetric + SoundCharts + WIPO 2025 methodology
Q2_2025,King Sunny Ade,11251.35,30,3375.4,70,7875.94,11813917.5,"US, UK, France, Ghana, South Africa",Chartmetric + SoundCharts + WIPO 2025 methodology
Q2_2025,Kizz Daniel,448870.78,30,134661.23,70,314209.55,471314318.6,"US, UK, France, Ghana, South Africa",Chartmetric + SoundCharts + WIPO 2025 methodology
Q2_2025,Korede Bello,49752.13,30,14925.64,70,34826.49,52239739.44,"US, UK, France, Ghana, South Africa",Chartmetric + SoundCharts + WIPO 2025 methodology
Q2_2025,LADIPOE,77528.53,30,23258.56,70,54269.97,81404951.67,"US, UK, France, Ghana, South Africa",Chartmetric + SoundCharts + WIPO 2025 methodology
Q2_2025,Lady Donli,10091.08,30,3027.32,70,7063.75,10595632.32,"US, UK, France, Ghana, South Africa",Chartmetric + SoundCharts + WIPO 2025 methodology
Q2_2025,Lagbaja,1681.38,30,504.41,70,1176.96,1765447.11,"US, UK, France, Ghana, South Africa",Chartmetric + SoundCharts + WIPO 2025 methodology
Q2_2025,Libianca,480685.35,30,144205.61,70,336479.75,504719618.8,"US, UK, France, Ghana, South Africa",Chartmetric + SoundCharts + WIPO 2025 methodology
Q2_2025,Lil Kesh,61570.57,30,18471.17,70,43099.4,64649094.51,"US, UK, France, Ghana, South Africa",Chartmetric + SoundCharts + WIPO 2025 methodology
Q2_2025,Lojay,315005.08,30,94501.53,70,220503.56,330755339.3,"US, UK, France, Ghana, South Africa",Chartmetric + SoundCharts + WIPO 2025 methodology
Q2_2025,Lyta,35331.35,30,10599.41,70,24731.95,37097921.07,"US, UK, France, Ghana, South Africa",Chartmetric + SoundCharts + WIPO 2025 methodology
Q2_2025,M.I. Abaga,31538.56,30,9461.57,70,22076.99,33115485.06,"US, UK, France, Ghana, South Africa",Chartmetric + SoundCharts + WIPO 2025 methodology
Q2_2025,Magixx,105940.76,30,31782.23,70,74158.53,111237801.6,"US, UK, France, Ghana, South Africa",Chartmetric + SoundCharts + WIPO 2025 methodology
Q2_2025,Maleek Berry,95129.05,30,28538.72,70,66590.34,99885504.81,"US, UK, France, Ghana, South Africa",Chartmetric + SoundCharts + WIPO 2025 methodology
Q2_2025,Mannywellz,24196.86,30,7259.06,70,16937.8,25406700.48,"US, UK, France, Ghana, South Africa",Chartmetric + SoundCharts + WIPO 2025 methodology
Q2_2025,Mayorkun,149773.12,30,44931.94,70,104841.19,157261781.3,"US, UK, France, Ghana, South Africa",Chartmetric + SoundCharts + WIPO 2025 methodology
Q2_2025,Mohbad,96571.53,30,28971.46,70,67600.07,101400110.3,"US, UK, France, Ghana, South Africa",Chartmetric + SoundCharts + WIPO 2025 methodology
Q2_2025,Mr Eazi,258430.16,30,77529.05,70,180901.11,271351667.4,"US, UK, France, Ghana, South Africa",Chartmetric + SoundCharts + WIPO 2025 methodology
Q2_2025,Mr Real,2487.15,30,746.14,70,1741,2611503.09,"US, UK, France, Ghana, South Africa",Chartmetric + SoundCharts + WIPO 2025 methodology
Q2_2025,Naeto C,4954.85,30,1486.45,70,3468.39,5202587.88,"US, UK, France, Ghana, South Africa",Chartmetric + SoundCharts + WIPO 2025 methodology
Q2_2025,Naira Marley,295534.81,30,88660.44,70,206874.37,310311550.7,"US, UK, France, Ghana, South Africa",Chartmetric + SoundCharts + WIPO 2025 methodology
Q2_2025,Niniola,39713.65,30,11914.09,70,27799.55,41699332.08,"US, UK, France, Ghana, South Africa",Chartmetric + SoundCharts + WIPO 2025 methodology
Q2_2025,Nonso Amadi,44440.56,30,13332.17,70,31108.39,46662586.11,"US, UK, France, Ghana, South Africa",Chartmetric + SoundCharts + WIPO 2025 methodology
Q2_2025,ODUMODUBLVCK,240221.36,30,72066.41,70,168154.95,252232427.8,"US, UK, France, Ghana, South Africa",Chartmetric + SoundCharts + WIPO 2025 methodology
Q2_2025,Odunsi (The Engine),23382.47,30,7014.74,70,16367.73,24551592.66,"US, UK, France, Ghana, South Africa",Chartmetric + SoundCharts + WIPO 2025 methodology
Q2_2025,Olakira,136187.68,30,40856.3,70,95331.38,142997063,"US, UK, France, Ghana, South Africa",Chartmetric + SoundCharts + WIPO 2025 methodology
Q2_2025,Olamide,384978.82,30,115493.65,70,269485.17,404227762.3,"US, UK, France, Ghana, South Africa",Chartmetric + SoundCharts + WIPO 2025 methodology
Q2_2025,Olu Maintain,4581.12,30,1374.34,70,3206.78,4810172.85,"US, UK, France, Ghana, South Africa",Chartmetric + SoundCharts + WIPO 2025 methodology
Q2_2025,Omah Lay,1072742.68,30,321822.81,70,750919.88,1126379818,"US, UK, France, Ghana, South Africa",Chartmetric + SoundCharts + WIPO 2025 methodology
Q2_2025,Oxlade,365590.37,30,109677.11,70,255913.26,383869890.4,"US, UK, France, Ghana, South Africa",Chartmetric + SoundCharts + WIPO 2025 methodology
Q2_2025,P-Square,173607.53,30,52082.26,70,121525.27,182287905.7,"US, UK, France, Ghana, South Africa",Chartmetric + SoundCharts + WIPO 2025 methodology
Q2_2025,Patoranking,135479.82,30,40643.95,70,94835.88,142253816,"US, UK, France, Ghana, South Africa",Chartmetric + SoundCharts + WIPO 2025 methodology
Q2_2025,Peruzzi,30901.88,30,9270.57,70,21631.32,32446978.83,"US, UK, France, Ghana, South Africa",Chartmetric + SoundCharts + WIPO 2025 methodology
Q2_2025,Pheelz,197230.57,30,59169.17,70,138061.4,207092103.1,"US, UK, France, Ghana, South Africa",Chartmetric + SoundCharts + WIPO 2025 methodology
Q2_2025,Phyno,117267.85,30,35180.36,70,82087.5,123131244.2,"US, UK, France, Ghana, South Africa",Chartmetric + SoundCharts + WIPO 2025 methodology
Q2_2025,Portable,76668.45,30,23000.53,70,53667.91,80501871.24,"US, UK, France, Ghana, South Africa",Chartmetric + SoundCharts + WIPO 2025 methodology
Q2_2025,Praiz,12158.16,30,3647.45,70,8510.71,12766071.15,"US, UK, France, Ghana, South Africa",Chartmetric + SoundCharts + WIPO 2025 methodology
Q2_2025,Prettyboy D-O,6916.25,30,2074.88,70,4841.38,7262066.7,"US, UK, France, Ghana, South Africa",Chartmetric + SoundCharts + WIPO 2025 methodology
Q2_2025,Qing Madi,150578.31,30,45173.49,70,105404.81,158107220.5,"US, UK, France, Ghana, South Africa",Chartmetric + SoundCharts + WIPO 2025 methodology
Q2_2025,Reekado Banks,61405.01,30,18421.5,70,42983.51,64475260.08,"US, UK, France, Ghana, South Africa",Chartmetric + SoundCharts + WIPO 2025 methodology
Q2_2025,Rema,1616004.22,30,484801.27,70,1131202.96,1696804435,"US, UK, France, Ghana, South Africa",Chartmetric + SoundCharts + WIPO 2025 methodology
Q2_2025,Reminisce,33724.5,30,10117.35,70,23607.15,35410726.89,"US, UK, France, Ghana, South Africa",Chartmetric + SoundCharts + WIPO 2025 methodology
Q2_2025,Ric Hassani,52082.3,30,15624.69,70,36457.61,54686418.57,"US, UK, France, Ghana, South Africa",Chartmetric + SoundCharts + WIPO 2025 methodology
Q2_2025,Rude Boy,14957.01,30,4487.1,70,10469.91,15704865.54,"US, UK, France, Ghana, South Africa",Chartmetric + SoundCharts + WIPO 2025 methodology
Q2_2025,Ruger,396052.76,30,118815.83,70,277236.93,415855395.7,"US, UK, France, Ghana, South Africa",Chartmetric + SoundCharts + WIPO 2025 methodology
Q2_2025,Sarz,227624.43,30,68287.33,70,159337.1,239005649.6,"US, UK, France, Ghana, South Africa",Chartmetric + SoundCharts + WIPO 2025 methodology
Q2_2025,Sauce Kid,647.33,30,194.2,70,453.13,679693.77,"US, UK, France, Ghana, South Africa",Chartmetric + SoundCharts + WIPO 2025 methodology
Q2_2025,Sean Tizzle,19133.15,30,5739.95,70,13393.21,20089810.44,"US, UK, France, Ghana, South Africa",Chartmetric + SoundCharts + WIPO 2025 methodology
Q2_2025,Seyi Shay,32378.63,30,9713.59,70,22665.04,33997563.81,"US, UK, France, Ghana, South Africa",Chartmetric + SoundCharts + WIPO 2025 methodology
Q2_2025,Seyi Vibez,273016.33,30,81904.9,70,191111.43,286667147.3,"US, UK, France, Ghana, South Africa",Chartmetric + SoundCharts + WIPO 2025 methodology
Q2_2025,Shallipopi,414566.97,30,124370.09,70,290196.88,435295315.4,"US, UK, France, Ghana, South Africa",Chartmetric + SoundCharts + WIPO 2025 methodology
Q2_2025,Show Dem Camp,31621.14,30,9486.34,70,22134.8,33202199.52,"US, UK, France, Ghana, South Africa",Chartmetric + SoundCharts + WIPO 2025 methodology
Q2_2025,Simi,279146.05,30,83743.82,70,195402.24,293103354.6,"US, UK, France, Ghana, South Africa",Chartmetric + SoundCharts + WIPO 2025 methodology
Q2_2025,Skiibii,103897.75,30,31169.33,70,72728.43,109092639,"US, UK, France, Ghana, South Africa",Chartmetric + SoundCharts + WIPO 2025 methodology
Q2_2025,Small Doctor,8518.15,30,2555.45,70,5962.71,8944062.12,"US, UK, France, Ghana, South Africa",Chartmetric + SoundCharts + WIPO 2025 methodology
Q2_2025,Solidstar,3918.32,30,1175.5,70,2742.82,4114235.79,"US, UK, France, Ghana, South Africa",Chartmetric + SoundCharts + WIPO 2025 methodology
Q2_2025,Sound Sultan,5864.7,30,1759.41,70,4105.29,6157930.59,"US, UK, France, Ghana, South Africa",Chartmetric + SoundCharts + WIPO 2025 methodology
Q2_2025,Spyro,171673.39,30,51502.02,70,120171.37,180257054.7,"US, UK, France, Ghana, South Africa",Chartmetric + SoundCharts + WIPO 2025 methodology
Q2_2025,Tay Iwar,53603.16,30,16080.95,70,37522.21,56283314.22,"US, UK, France, Ghana, South Africa",Chartmetric + SoundCharts + WIPO 2025 methodology
Q2_2025,Tekno,225267.57,30,67580.27,70,157687.3,236530943.9,"US, UK, France, Ghana, South Africa",Chartmetric + SoundCharts + WIPO 2025 methodology
Q2_2025,Tempoe,208699.12,30,62609.73,70,146089.38,219134071.2,"US, UK, France, Ghana, South Africa",Chartmetric + SoundCharts + WIPO 2025 methodology
Q2_2025,Tems,1021309.78,30,306392.93,70,714916.84,1072375265,"US, UK, France, Ghana, South Africa",Chartmetric + SoundCharts + WIPO 2025 methodology
Q2_2025,Teni,81323.31,30,24396.99,70,56926.32,85389480.33,"US, UK, France, Ghana, South Africa",Chartmetric + SoundCharts + WIPO 2025 methodology
Q2_2025,Terri,22066.35,30,6619.9,70,15446.44,23169663.72,"US, UK, France, Ghana, South Africa",Chartmetric + SoundCharts + WIPO 2025 methodology
Q2_2025,Terry Apala,12463.73,30,3739.12,70,8724.61,13086920.07,"US, UK, France, Ghana, South Africa",Chartmetric + SoundCharts + WIPO 2025 methodology
Q2_2025,Timaya,81094.86,30,24328.46,70,56766.41,85149607.62,"US, UK, France, Ghana, South Africa",Chartmetric + SoundCharts + WIPO 2025 methodology
Q2_2025,Tiwa Savage,251747,30,75524.1,70,176222.9,264334350,"US, UK, France, Ghana, South Africa",Chartmetric + SoundCharts + WIPO 2025 methodology
Q2_2025,Vector,46675.95,30,14002.78,70,32673.16,49009744.98,"US, UK, France, Ghana, South Africa",Chartmetric + SoundCharts + WIPO 2025 methodology
Q2_2025,Victony,425509.9,30,127652.97,70,297856.93,446785397.7,"US, UK, France, Ghana, South Africa",Chartmetric + SoundCharts + WIPO 2025 methodology
Q2_2025,Waje,11266.7,30,3380.01,70,7886.69,11830031.01,"US, UK, France, Ghana, South Africa",Chartmetric + SoundCharts + WIPO 2025 methodology
Q2_2025,Wande Coal,140250.16,30,42075.05,70,98175.11,147262668.6,"US, UK, France, Ghana, South Africa",Chartmetric + SoundCharts + WIPO 2025 methodology
Q2_2025,Wizkid,891422.16,30,267426.65,70,623995.51,935993270.9,"US, UK, France, Ghana, South Africa",Chartmetric + SoundCharts + WIPO 2025 methodology
Q2_2025,WurlD,31612.53,30,9483.76,70,22128.77,33193159.65,"US, UK, France, Ghana, South Africa",Chartmetric + SoundCharts + WIPO 2025 methodology
Q2_2025,Ycee,67055.95,30,20116.78,70,46939.16,70408746.45,"US, UK, France, Ghana, South Africa",Chartmetric + SoundCharts + WIPO 2025 methodology
Q2_2025,Yemi Alade,96371.28,30,28911.38,70,67459.9,101189846.7,"US, UK, France, Ghana, South Africa",Chartmetric + SoundCharts + WIPO 2025 methodology
Q2_2025,Young Jonn,262217.4,30,78665.22,70,183552.18,275328269.4,"US, UK, France, Ghana, South Africa",Chartmetric + SoundCharts + WIPO 2025 methodology
Q2_2025,Yung6ix,6730.88,30,2019.27,70,4711.62,7067428.83,"US, UK, France, Ghana, South Africa",Chartmetric + SoundCharts + WIPO 2025 methodology
Q2_2025,Zinoleesky,157369.26,30,47210.78,70,110158.48,165237718.6,"US, UK, France, Ghana, South Africa",Chartmetric + SoundCharts + WIPO 2025 methodology
Q2_2025,Zlatan,173273.12,30,51981.93,70,121291.18,181936772,"US, UK, France, Ghana, South Africa",Chartmetric + SoundCharts + WIPO 2025 methodology
Q2_2025,=== PERIOD TOTAL ===,,30,7000111.38,70,16333593.21,24500389817,,Aggregated
Q3_2025,2Baba,47672.65,30,14301.79,70,33370.85,50056278.3,"US, UK, France, Ghana, South Africa",Chartmetric + SoundCharts + WIPO 2025 methodology
Q3_2025,9ice,18794.26,30,5638.28,70,13155.98,19733968.8,"US, UK, France, Ghana, South Africa",Chartmetric + SoundCharts + WIPO 2025 methodology
Q3_2025,Adekunle Gold,193653.92,30,58096.18,70,135557.74,203336615.4,"US, UK, France, Ghana, South Africa",Chartmetric + SoundCharts + WIPO 2025 methodology
Q3_2025,Ajebutter22,21190.59,30,6357.18,70,14833.41,22250115.72,"US, UK, France, Ghana, South Africa",Chartmetric + SoundCharts + WIPO 2025 methodology
Q3_2025,Amaarae,385049.19,30,115514.76,70,269534.43,404301645.7,"US, UK, France, Ghana, South Africa",Chartmetric + SoundCharts + WIPO 2025 methodology
Q3_2025,Asake,570454.76,30,171136.43,70,399318.33,598977500.9,"US, UK, France, Ghana, South Africa",Chartmetric + SoundCharts + WIPO 2025 methodology
Q3_2025,Ayra Starr,1346421.66,30,403926.5,70,942495.16,1413742744,"US, UK, France, Ghana, South Africa",Chartmetric + SoundCharts + WIPO 2025 methodology
Q3_2025,Aṣa,39072.35,30,11721.71,70,27350.65,41025971.07,"US, UK, France, Ghana, South Africa",Chartmetric + SoundCharts + WIPO 2025 methodology
Q3_2025,BNXN,335863.51,30,100759.05,70,235104.46,352656687,"US, UK, France, Ghana, South Africa",Chartmetric + SoundCharts + WIPO 2025 methodology
Q3_2025,Bad Boy Timz,28657.2,30,8597.16,70,20060.04,30090054.96,"US, UK, France, Ghana, South Africa",Chartmetric + SoundCharts + WIPO 2025 methodology
Q3_2025,Banky W.,19614.73,30,5884.42,70,13730.31,20595471.33,"US, UK, France, Ghana, South Africa",Chartmetric + SoundCharts + WIPO 2025 methodology
Q3_2025,Bayanni,138859.59,30,41657.88,70,97201.71,145802567.6,"US, UK, France, Ghana, South Africa",Chartmetric + SoundCharts + WIPO 2025 methodology
Q3_2025,Bella Shmurda,213545.33,30,64063.6,70,149481.73,224222600.7,"US, UK, France, Ghana, South Africa",Chartmetric + SoundCharts + WIPO 2025 methodology
Q3_2025,Blaqbonez,140341.11,30,42102.33,70,98238.77,147358162.4,"US, UK, France, Ghana, South Africa",Chartmetric + SoundCharts + WIPO 2025 methodology
Q3_2025,Bloody Civilian,61407.3,30,18422.19,70,42985.11,64477666.26,"US, UK, France, Ghana, South Africa",Chartmetric + SoundCharts + WIPO 2025 methodology
Q3_2025,Boj,61778.46,30,18533.54,70,43244.92,64867386.78,"US, UK, France, Ghana, South Africa",Chartmetric + SoundCharts + WIPO 2025 methodology
Q3_2025,Boy Spyce,59256.12,30,17776.84,70,41479.28,62218926,"US, UK, France, Ghana, South Africa",Chartmetric + SoundCharts + WIPO 2025 methodology
Q3_2025,Bracket,52022.05,30,15606.62,70,36415.44,54623155.65,"US, UK, France, Ghana, South Africa",Chartmetric + SoundCharts + WIPO 2025 methodology
Q3_2025,Brymo,28713.87,30,8614.16,70,20099.71,30149568.54,"US, UK, France, Ghana, South Africa",Chartmetric + SoundCharts + WIPO 2025 methodology
Q3_2025,Burna Boy,9.09,30,2.73,70,6.36,9541.98,"US, UK, France, Ghana, South Africa",Chartmetric + SoundCharts + WIPO 2025 methodology
Q3_2025,CDQ,13955.73,30,4186.72,70,9769.01,14653518.81,"US, UK, France, Ghana, South Africa",Chartmetric + SoundCharts + WIPO 2025 methodology
Q3_2025,CKay,637858.9,30,191357.67,70,446501.23,669751849.2,"US, UK, France, Ghana, South Africa",Chartmetric + SoundCharts + WIPO 2025 methodology
Q3_2025,Chike,335519.63,30,100655.89,70,234863.74,352295612.6,"US, UK, France, Ghana, South Africa",Chartmetric + SoundCharts + WIPO 2025 methodology
Q3_2025,Crayon,122401.39,30,36720.42,70,85680.97,128521462.4,"US, UK, France, Ghana, South Africa",Chartmetric + SoundCharts + WIPO 2025 methodology
Q3_2025,Cruel Santino,40503.54,30,12151.06,70,28352.48,42528715.11,"US, UK, France, Ghana, South Africa",Chartmetric + SoundCharts + WIPO 2025 methodology
Q3_2025,D'banj,37010.55,30,11103.17,70,25907.39,38861081.7,"US, UK, France, Ghana, South Africa",Chartmetric + SoundCharts + WIPO 2025 methodology
Q3_2025,DJ Cuppy,0.05,30,0.02,70,0.04,57.33,"US, UK, France, Ghana, South Africa",Chartmetric + SoundCharts + WIPO 2025 methodology
Q3_2025,DJ Neptune,64791.51,30,19437.45,70,45354.06,68031089.49,"US, UK, France, Ghana, South Africa",Chartmetric + SoundCharts + WIPO 2025 methodology
Q3_2025,DJ Spinall,66549.56,30,19964.87,70,46584.69,69877035.27,"US, UK, France, Ghana, South Africa",Chartmetric + SoundCharts + WIPO 2025 methodology
Q3_2025,Dammy Krane,2118.42,30,635.52,70,1482.89,2224337.22,"US, UK, France, Ghana, South Africa",Chartmetric + SoundCharts + WIPO 2025 methodology
Q3_2025,Darey,22710.62,30,6813.18,70,15897.43,23846147.01,"US, UK, France, Ghana, South Africa",Chartmetric + SoundCharts + WIPO 2025 methodology
Q3_2025,Darkoo,286012.11,30,85803.63,70,200208.48,300312719.3,"US, UK, France, Ghana, South Africa",Chartmetric + SoundCharts + WIPO 2025 methodology
Q3_2025,Davido,823085.15,30,246925.54,70,576159.6,864239406.5,"US, UK, France, Ghana, South Africa",Chartmetric + SoundCharts + WIPO 2025 methodology
Q3_2025,Dice Ailes,10431.2,30,3129.36,70,7301.84,10952755.38,"US, UK, France, Ghana, South Africa",Chartmetric + SoundCharts + WIPO 2025 methodology
Q3_2025,Dremo,12197.78,30,3659.33,70,8538.45,12807667.53,"US, UK, France, Ghana, South Africa",Chartmetric + SoundCharts + WIPO 2025 methodology
Q3_2025,Duncan Mighty,34452.31,30,10335.69,70,24116.62,36174929.49,"US, UK, France, Ghana, South Africa",Chartmetric + SoundCharts + WIPO 2025 methodology
Q3_2025,Eldee,3537.79,30,1061.34,70,2476.45,3714677.82,"US, UK, France, Ghana, South Africa",Chartmetric + SoundCharts + WIPO 2025 methodology
Q3_2025,Falz,49830.09,30,14949.03,70,34881.06,52321591.77,"US, UK, France, Ghana, South Africa",Chartmetric + SoundCharts + WIPO 2025 methodology
Q3_2025,Fela Kuti,32507.15,30,9752.14,70,22755,34132503.72,"US, UK, France, Ghana, South Africa",Chartmetric + SoundCharts + WIPO 2025 methodology
Q3_2025,Fireboy DML,654516.05,30,196354.81,70,458161.23,687241849.4,"US, UK, France, Ghana, South Africa",Chartmetric + SoundCharts + WIPO 2025 methodology
Q3_2025,Flavour,735801.99,30,220740.6,70,515061.4,772592093.3,"US, UK, France, Ghana, South Africa",Chartmetric + SoundCharts + WIPO 2025 methodology
Q3_2025,Flavour N'abania,683558.69,30,205067.61,70,478491.09,717736629.3,"US, UK, France, Ghana, South Africa",Chartmetric + SoundCharts + WIPO 2025 methodology
Q3_2025,HarrySong,21852.16,30,6555.65,70,15296.51,22944768.21,"US, UK, France, Ghana, South Africa",Chartmetric + SoundCharts + WIPO 2025 methodology
Q3_2025,Ice Prince,52988.06,30,15896.42,70,37091.65,55637467.62,"US, UK, France, Ghana, South Africa",Chartmetric + SoundCharts + WIPO 2025 methodology
Q3_2025,Illbliss,11520.33,30,3456.1,70,8064.23,12096346.5,"US, UK, France, Ghana, South Africa",Chartmetric + SoundCharts + WIPO 2025 methodology
Q3_2025,Iyanya,72594.61,30,21778.38,70,50816.22,76224335.67,"US, UK, France, Ghana, South Africa",Chartmetric + SoundCharts + WIPO 2025 methodology
Q3_2025,Jesse Jagz,7540.7,30,2262.21,70,5278.49,7917736.05,"US, UK, France, Ghana, South Africa",Chartmetric + SoundCharts + WIPO 2025 methodology
Q3_2025,Joeboy,459234.8,30,137770.44,70,321464.36,482196541.1,"US, UK, France, Ghana, South Africa",Chartmetric + SoundCharts + WIPO 2025 methodology
Q3_2025,Johnny Drille,209578.67,30,62873.6,70,146705.07,220057603.3,"US, UK, France, Ghana, South Africa",Chartmetric + SoundCharts + WIPO 2025 methodology
Q3_2025,Khaid,276657.71,30,82997.31,70,193660.4,290490594.7,"US, UK, France, Ghana, South Africa",Chartmetric + SoundCharts + WIPO 2025 methodology
Q3_2025,King Sunny Ade,11873.59,30,3562.08,70,8311.51,12467267.19,"US, UK, France, Ghana, South Africa",Chartmetric + SoundCharts + WIPO 2025 methodology
Q3_2025,Kizz Daniel,411517.62,30,123455.29,70,288062.34,432093504.4,"US, UK, France, Ghana, South Africa",Chartmetric + SoundCharts + WIPO 2025 methodology
Q3_2025,Korede Bello,45610.24,30,13683.07,70,31927.17,47890753.05,"US, UK, France, Ghana, South Africa",Chartmetric + SoundCharts + WIPO 2025 methodology
Q3_2025,LADIPOE,74959.32,30,22487.8,70,52471.52,78707282.85,"US, UK, France, Ghana, South Africa",Chartmetric + SoundCharts + WIPO 2025 methodology
Q3_2025,Lady Donli,8414.97,30,2524.49,70,5890.48,8835717.87,"US, UK, France, Ghana, South Africa",Chartmetric + SoundCharts + WIPO 2025 methodology
Q3_2025,Lagbaja,1839.31,30,551.79,70,1287.52,1931275.08,"US, UK, France, Ghana, South Africa",Chartmetric + SoundCharts + WIPO 2025 methodology
Q3_2025,Libianca,400731.52,30,120219.46,70,280512.06,420768095.6,"US, UK, France, Ghana, South Africa",Chartmetric + SoundCharts + WIPO 2025 methodology
Q3_2025,Lil Kesh,56076.45,30,16822.94,70,39253.52,58880276.49,"US, UK, France, Ghana, South Africa",Chartmetric + SoundCharts + WIPO 2025 methodology
Q3_2025,Lojay,313702.53,30,94110.76,70,219591.77,329387661.5,"US, UK, France, Ghana, South Africa",Chartmetric + SoundCharts + WIPO 2025 methodology
Q3_2025,Lyta,36617.22,30,10985.16,70,25632.05,38448076.59,"US, UK, France, Ghana, South Africa",Chartmetric + SoundCharts + WIPO 2025 methodology
Q3_2025,M.I. Abaga,33380.45,30,10014.13,70,23366.31,35049469.14,"US, UK, France, Ghana, South Africa",Chartmetric + SoundCharts + WIPO 2025 methodology
Q3_2025,Magixx,127835.71,30,38350.71,70,89485,134227499.5,"US, UK, France, Ghana, South Africa",Chartmetric + SoundCharts + WIPO 2025 methodology
Q3_2025,Maleek Berry,78936.09,30,23680.83,70,55255.26,82882891.98,"US, UK, France, Ghana, South Africa",Chartmetric + SoundCharts + WIPO 2025 methodology
Q3_2025,Mannywellz,25428.27,30,7628.48,70,17799.79,26699681.61,"US, UK, France, Ghana, South Africa",Chartmetric + SoundCharts + WIPO 2025 methodology
Q3_2025,Mayorkun,124991.66,30,37497.5,70,87494.16,131241240.3,"US, UK, France, Ghana, South Africa",Chartmetric + SoundCharts + WIPO 2025 methodology
Q3_2025,Mohbad,94440.43,30,28332.13,70,66108.3,99162451.71,"US, UK, France, Ghana, South Africa",Chartmetric + SoundCharts + WIPO 2025 methodology
Q3_2025,Mr Eazi,302999.46,30,90899.84,70,212099.62,318149433.2,"US, UK, France, Ghana, South Africa",Chartmetric + SoundCharts + WIPO 2025 methodology
Q3_2025,Mr Real,2396.8,30,719.04,70,1677.76,2516640.21,"US, UK, France, Ghana, South Africa",Chartmetric + SoundCharts + WIPO 2025 methodology
Q3_2025,Naeto C,5808.4,30,1742.52,70,4065.88,6098822.73,"US, UK, France, Ghana, South Africa",Chartmetric + SoundCharts + WIPO 2025 methodology
Q3_2025,Naira Marley,311599.54,30,93479.86,70,218119.68,327179521,"US, UK, France, Ghana, South Africa",Chartmetric + SoundCharts + WIPO 2025 methodology
Q3_2025,Niniola,39489.7,30,11846.91,70,27642.79,41464185.84,"US, UK, France, Ghana, South Africa",Chartmetric + SoundCharts + WIPO 2025 methodology
Q3_2025,Nonso Amadi,58850.4,30,17655.12,70,41195.28,61792920.63,"US, UK, France, Ghana, South Africa",Chartmetric + SoundCharts + WIPO 2025 methodology
Q3_2025,ODUMODUBLVCK,231793.63,30,69538.09,70,162255.54,243383313.6,"US, UK, France, Ghana, South Africa",Chartmetric + SoundCharts + WIPO 2025 methodology
Q3_2025,Odunsi (The Engine),22903.32,30,6871,70,16032.33,24048490.41,"US, UK, France, Ghana, South Africa",Chartmetric + SoundCharts + WIPO 2025 methodology
Q3_2025,Olakira,138046.7,30,41414.01,70,96632.69,144949039.8,"US, UK, France, Ghana, South Africa",Chartmetric + SoundCharts + WIPO 2025 methodology
Q3_2025,Olamide,309783.07,30,92934.92,70,216848.15,325272227.5,"US, UK, France, Ghana, South Africa",Chartmetric + SoundCharts + WIPO 2025 methodology
Q3_2025,Olu Maintain,5493.95,30,1648.19,70,3845.77,5768652.33,"US, UK, France, Ghana, South Africa",Chartmetric + SoundCharts + WIPO 2025 methodology
Q3_2025,Omah Lay,1028251.72,30,308475.52,70,719776.21,1079664309,"US, UK, France, Ghana, South Africa",Chartmetric + SoundCharts + WIPO 2025 methodology
Q3_2025,Oxlade,326552.97,30,97965.89,70,228587.08,342880621.2,"US, UK, France, Ghana, South Africa",Chartmetric + SoundCharts + WIPO 2025 methodology
Q3_2025,P-Square,209295.34,30,62788.6,70,146506.74,219760111.6,"US, UK, France, Ghana, South Africa",Chartmetric + SoundCharts + WIPO 2025 methodology
Q3_2025,Patoranking,130132.08,30,39039.62,70,91092.45,136638682.3,"US, UK, France, Ghana, South Africa",Chartmetric + SoundCharts + WIPO 2025 methodology
Q3_2025,Peruzzi,33636.85,30,10091.06,70,23545.8,35318694.6,"US, UK, France, Ghana, South Africa",Chartmetric + SoundCharts + WIPO 2025 methodology
Q3_2025,Pheelz,206904.66,30,62071.4,70,144833.26,217249889.2,"US, UK, France, Ghana, South Africa",Chartmetric + SoundCharts + WIPO 2025 methodology
Q3_2025,Phyno,106507.51,30,31952.25,70,74555.26,111832885.7,"US, UK, France, Ghana, South Africa",Chartmetric + SoundCharts + WIPO 2025 methodology
Q3_2025,Portable,74207.45,30,22262.23,70,51945.21,77917818.51,"US, UK, France, Ghana, South Africa",Chartmetric + SoundCharts + WIPO 2025 methodology
Q3_2025,Praiz,13310.14,30,3993.04,70,9317.1,13975646.58,"US, UK, France, Ghana, South Africa",Chartmetric + SoundCharts + WIPO 2025 methodology
Q3_2025,Prettyboy D-O,5518.09,30,1655.43,70,3862.66,5793991.56,"US, UK, France, Ghana, South Africa",Chartmetric + SoundCharts + WIPO 2025 methodology
Q3_2025,Qing Madi,154978.71,30,46493.61,70,108485.09,162727641.7,"US, UK, France, Ghana, South Africa",Chartmetric + SoundCharts + WIPO 2025 methodology
Q3_2025,Reekado Banks,67851.76,30,20355.53,70,47496.23,71244342.96,"US, UK, France, Ghana, South Africa",Chartmetric + SoundCharts + WIPO 2025 methodology
Q3_2025,Rema,1530796.3,30,459238.89,70,1071557.41,1607336112,"US, UK, France, Ghana, South Africa",Chartmetric + SoundCharts + WIPO 2025 methodology
Q3_2025,Reminisce,34414.72,30,10324.42,70,24090.31,36135458.73,"US, UK, France, Ghana, South Africa",Chartmetric + SoundCharts + WIPO 2025 methodology
Q3_2025,Ric Hassani,48427.15,30,14528.15,70,33899.01,50848511.7,"US, UK, France, Ghana, South Africa",Chartmetric + SoundCharts + WIPO 2025 methodology
Q3_2025,Rude Boy,14582.62,30,4374.79,70,10207.84,15311753.73,"US, UK, France, Ghana, South Africa",Chartmetric + SoundCharts + WIPO 2025 methodology
Q3_2025,Ruger,376498.01,30,112949.4,70,263548.61,395322909.9,"US, UK, France, Ghana, South Africa",Chartmetric + SoundCharts + WIPO 2025 methodology
Q3_2025,Sarz,233271.87,30,69981.56,70,163290.31,244935467.3,"US, UK, France, Ghana, South Africa",Chartmetric + SoundCharts + WIPO 2025 methodology
Q3_2025,Sauce Kid,690.8,30,207.24,70,483.56,725336.64,"US, UK, France, Ghana, South Africa",Chartmetric + SoundCharts + WIPO 2025 methodology
Q3_2025,Sean Tizzle,20284.59,30,6085.38,70,14199.21,21298815.09,"US, UK, France, Ghana, South Africa",Chartmetric + SoundCharts + WIPO 2025 methodology
Q3_2025,Seyi Shay,33121.12,30,9936.34,70,23184.78,34777173.06,"US, UK, France, Ghana, South Africa",Chartmetric + SoundCharts + WIPO 2025 methodology
Q3_2025,Seyi Vibez,253037.75,30,75911.32,70,177126.42,265689637.3,"US, UK, France, Ghana, South Africa",Chartmetric + SoundCharts + WIPO 2025 methodology
Q3_2025,Shallipopi,416193.37,30,124858.01,70,291335.36,437003036.2,"US, UK, France, Ghana, South Africa",Chartmetric + SoundCharts + WIPO 2025 methodology
Q3_2025,Show Dem Camp,28830.63,30,8649.19,70,20181.44,30272164.02,"US, UK, France, Ghana, South Africa",Chartmetric + SoundCharts + WIPO 2025 methodology
Q3_2025,Simi,93788.52,30,28136.56,70,65651.96,98477942.85,"US, UK, France, Ghana, South Africa",Chartmetric + SoundCharts + WIPO 2025 methodology
Q3_2025,Skiibii,99257.13,30,29777.14,70,69479.99,104219991.5,"US, UK, France, Ghana, South Africa",Chartmetric + SoundCharts + WIPO 2025 methodology
Q3_2025,Small Doctor,8433.05,30,2529.91,70,5903.13,8854701.66,"US, UK, France, Ghana, South Africa",Chartmetric + SoundCharts + WIPO 2025 methodology
Q3_2025,Solidstar,4978.66,30,1493.6,70,3485.06,5227595.73,"US, UK, France, Ghana, South Africa",Chartmetric + SoundCharts + WIPO 2025 methodology
Q3_2025,Sound Sultan,7262.49,30,2178.75,70,5083.74,7625610.72,"US, UK, France, Ghana, South Africa",Chartmetric + SoundCharts + WIPO 2025 methodology
Q3_2025,Spyro,157367.29,30,47210.19,70,110157.1,165235657.2,"US, UK, France, Ghana, South Africa",Chartmetric + SoundCharts + WIPO 2025 methodology
Q3_2025,Tay Iwar,65340.61,30,19602.18,70,45738.42,68607636.93,"US, UK, France, Ghana, South Africa",Chartmetric + SoundCharts + WIPO 2025 methodology
Q3_2025,Tekno,223614.01,30,67084.2,70,156529.81,234794708,"US, UK, France, Ghana, South Africa",Chartmetric + SoundCharts + WIPO 2025 methodology
Q3_2025,Tempoe,176068.94,30,52820.68,70,123248.26,184872383,"US, UK, France, Ghana, South Africa",Chartmetric + SoundCharts + WIPO 2025 methodology
Q3_2025,Tems,1300302.83,30,390090.85,70,910211.98,1365317970,"US, UK, France, Ghana, South Africa",Chartmetric + SoundCharts + WIPO 2025 methodology
Q3_2025,Teni,75304.36,30,22591.31,70,52713.05,79069578.63,"US, UK, France, Ghana, South Africa",Chartmetric + SoundCharts + WIPO 2025 methodology
Q3_2025,Terri,22707.47,30,6812.24,70,15895.23,23842847.07,"US, UK, France, Ghana, South Africa",Chartmetric + SoundCharts + WIPO 2025 methodology
Q3_2025,Terry Apala,13774.51,30,4132.35,70,9642.16,14463237.6,"US, UK, France, Ghana, South Africa",Chartmetric + SoundCharts + WIPO 2025 methodology
Q3_2025,Timaya,78398.12,30,23519.44,70,54878.68,82318023.69,"US, UK, France, Ghana, South Africa",Chartmetric + SoundCharts + WIPO 2025 methodology
Q3_2025,Tiwa Savage,243335.59,30,73000.68,70,170334.91,255502368.9,"US, UK, France, Ghana, South Africa",Chartmetric + SoundCharts + WIPO 2025 methodology
Q3_2025,Vector,52727.08,30,15818.12,70,36908.95,55363432.32,"US, UK, France, Ghana, South Africa",Chartmetric + SoundCharts + WIPO 2025 methodology
Q3_2025,Victony,407293.47,30,122188.04,70,285105.43,427658144.1,"US, UK, France, Ghana, South Africa",Chartmetric + SoundCharts + WIPO 2025 methodology
Q3_2025,Waje,11359.09,30,3407.73,70,7951.37,11927049.12,"US, UK, France, Ghana, South Africa",Chartmetric + SoundCharts + WIPO 2025 methodology
Q3_2025,Wande Coal,126597.47,30,37979.24,70,88618.23,132927346.9,"US, UK, France, Ghana, South Africa",Chartmetric + SoundCharts + WIPO 2025 methodology
Q3_2025,Wizkid,1014639.54,30,304391.86,70,710247.68,1065371516,"US, UK, France, Ghana, South Africa",Chartmetric + SoundCharts + WIPO 2025 methodology
Q3_2025,WurlD,38325.71,30,11497.71,70,26828,40241996.55,"US, UK, France, Ghana, South Africa",Chartmetric + SoundCharts + WIPO 2025 methodology
Q3_2025,Ycee,61573.23,30,18471.97,70,43101.26,64651895.28,"US, UK, France, Ghana, South Africa",Chartmetric + SoundCharts + WIPO 2025 methodology
Q3_2025,Yemi Alade,92822.58,30,27846.78,70,64975.81,97463714.04,"US, UK, France, Ghana, South Africa",Chartmetric + SoundCharts + WIPO 2025 methodology
Q3_2025,Young Jonn,276167.8,30,82850.34,70,193317.46,289976191.5,"US, UK, France, Ghana, South Africa",Chartmetric + SoundCharts + WIPO 2025 methodology
Q3_2025,Yung6ix,7552.52,30,2265.76,70,5286.76,7930147.05,"US, UK, France, Ghana, South Africa",Chartmetric + SoundCharts + WIPO 2025 methodology
Q3_2025,Zinoleesky,161293.92,30,48388.18,70,112905.75,169358619.2,"US, UK, France, Ghana, South Africa",Chartmetric + SoundCharts + WIPO 2025 methodology
Q3_2025,Zlatan,193776.35,30,58132.9,70,135643.44,203465162.9,"US, UK, France, Ghana, South Africa",Chartmetric + SoundCharts + WIPO 2025 methodology
Q3_2025,=== PERIOD TOTAL ===,,30,6954172.18,70,16226401.75,24339602623,,Aggregated
Q4_2025,2Baba,58967.71,30,17690.31,70,41277.4,61916098.44,"US, UK, France, Ghana, South Africa",Chartmetric + SoundCharts + WIPO 2025 methodology
Q4_2025,9ice,21189.89,30,6356.97,70,14832.92,22249387.44,"US, UK, France, Ghana, South Africa",Chartmetric + SoundCharts + WIPO 2025 methodology
Q4_2025,Adekunle Gold,230624.84,30,69187.45,70,161437.39,242156086.4,"US, UK, France, Ghana, South Africa",Chartmetric + SoundCharts + WIPO 2025 methodology
Q4_2025,Ajebutter22,20423.77,30,6127.13,70,14296.64,21444956.82,"US, UK, France, Ghana, South Africa",Chartmetric + SoundCharts + WIPO 2025 methodology
Q4_2025,Amaarae,367658.72,30,110297.62,70,257361.1,386041655.2,"US, UK, France, Ghana, South Africa",Chartmetric + SoundCharts + WIPO 2025 methodology
Q4_2025,Asake,595222.17,30,178566.65,70,416655.52,624983276.4,"US, UK, France, Ghana, South Africa",Chartmetric + SoundCharts + WIPO 2025 methodology
Q4_2025,Ayra Starr,1398837.66,30,419651.3,70,979186.36,1468779544,"US, UK, France, Ghana, South Africa",Chartmetric + SoundCharts + WIPO 2025 methodology
Q4_2025,Aṣa,39561.23,30,11868.37,70,27692.86,41539292.34,"US, UK, France, Ghana, South Africa",Chartmetric + SoundCharts + WIPO 2025 methodology
Q4_2025,BNXN,348099.32,30,104429.8,70,243669.52,365504287.1,"US, UK, France, Ghana, South Africa",Chartmetric + SoundCharts + WIPO 2025 methodology
Q4_2025,Bad Boy Timz,28978.1,30,8693.43,70,20284.67,30427006.05,"US, UK, France, Ghana, South Africa",Chartmetric + SoundCharts + WIPO 2025 methodology
Q4_2025,Banky W.,19856.79,30,5957.04,70,13899.75,20849631.81,"US, UK, France, Ghana, South Africa",Chartmetric + SoundCharts + WIPO 2025 methodology
Q4_2025,Bayanni,142117.8,30,42635.34,70,99482.46,149223689.4,"US, UK, France, Ghana, South Africa",Chartmetric + SoundCharts + WIPO 2025 methodology
Q4_2025,Bella Shmurda,227607.34,30,68282.2,70,159325.14,238987708.5,"US, UK, France, Ghana, South Africa",Chartmetric + SoundCharts + WIPO 2025 methodology
Q4_2025,Blaqbonez,144109.97,30,43232.99,70,100876.98,151315470.8,"US, UK, France, Ghana, South Africa",Chartmetric + SoundCharts + WIPO 2025 methodology
Q4_2025,Bloody Civilian,52544.62,30,15763.39,70,36781.23,55171851.84,"US, UK, France, Ghana, South Africa",Chartmetric + SoundCharts + WIPO 2025 methodology
Q4_2025,Boj,77209.92,30,23162.98,70,54046.95,81070420.41,"US, UK, France, Ghana, South Africa",Chartmetric + SoundCharts + WIPO 2025 methodology
Q4_2025,Boy Spyce,68098.16,30,20429.45,70,47668.71,71503070.94,"US, UK, France, Ghana, South Africa",Chartmetric + SoundCharts + WIPO 2025 methodology
Q4_2025,Bracket,54490.41,30,16347.12,70,38143.29,57214927.98,"US, UK, France, Ghana, South Africa",Chartmetric + SoundCharts + WIPO 2025 methodology
Q4_2025,Brymo,31599.99,30,9480,70,22119.99,33179986.35,"US, UK, France, Ghana, South Africa",Chartmetric + SoundCharts + WIPO 2025 methodology
Q4_2025,Burna Boy,9.42,30,2.82,70,6.59,9885.96,"US, UK, France, Ghana, South Africa",Chartmetric + SoundCharts + WIPO 2025 methodology
Q4_2025,CDQ,19623.24,30,5886.97,70,13736.27,20604402.63,"US, UK, France, Ghana, South Africa",Chartmetric + SoundCharts + WIPO 2025 methodology
Q4_2025,CKay,705504.26,30,211651.28,70,493852.98,740779469,"US, UK, France, Ghana, South Africa",Chartmetric + SoundCharts + WIPO 2025 methodology
Q4_2025,Chike,342587.56,30,102776.27,70,239811.29,359716940.7,"US, UK, France, Ghana, South Africa",Chartmetric + SoundCharts + WIPO 2025 methodology
Q4_2025,Crayon,117488.84,30,35246.65,70,82242.19,123363286.8,"US, UK, France, Ghana, South Africa",Chartmetric + SoundCharts + WIPO 2025 methodology
Q4_2025,Cruel Santino,46136,30,13840.8,70,32295.2,48442804.2,"US, UK, France, Ghana, South Africa",Chartmetric + SoundCharts + WIPO 2025 methodology
Q4_2025,D'banj,39440.44,30,11832.13,70,27608.31,41412462.63,"US, UK, France, Ghana, South Africa",Chartmetric + SoundCharts + WIPO 2025 methodology
Q4_2025,DJ Neptune,64939.25,30,19481.78,70,45457.48,68186215.02,"US, UK, France, Ghana, South Africa",Chartmetric + SoundCharts + WIPO 2025 methodology
Q4_2025,DJ Spinall,67288.65,30,20186.6,70,47102.06,70653086.28,"US, UK, France, Ghana, South Africa",Chartmetric + SoundCharts + WIPO 2025 methodology
Q4_2025,Dammy Krane,1871.08,30,561.32,70,1309.76,1964636.73,"US, UK, France, Ghana, South Africa",Chartmetric + SoundCharts + WIPO 2025 methodology
Q4_2025,Darey,23895.16,30,7168.55,70,16726.61,25089916.32,"US, UK, France, Ghana, South Africa",Chartmetric + SoundCharts + WIPO 2025 methodology
Q4_2025,Darkoo,263710.96,30,79113.29,70,184597.67,276896505.1,"US, UK, France, Ghana, South Africa",Chartmetric + SoundCharts + WIPO 2025 methodology
Q4_2025,Davido,842519.84,30,252755.95,70,589763.89,884645831.4,"US, UK, France, Ghana, South Africa",Chartmetric + SoundCharts + WIPO 2025 methodology
Q4_2025,Dice Ailes,10432.53,30,3129.76,70,7302.77,10954151.46,"US, UK, France, Ghana, South Africa",Chartmetric + SoundCharts + WIPO 2025 methodology
Q4_2025,Dremo,12765.35,30,3829.61,70,8935.75,13403621.7,"US, UK, France, Ghana, South Africa",Chartmetric + SoundCharts + WIPO 2025 methodology
Q4_2025,Duncan Mighty,38614.91,30,11584.47,70,27030.44,40545660.54,"US, UK, France, Ghana, South Africa",Chartmetric + SoundCharts + WIPO 2025 methodology
Q4_2025,Eldee,4074.12,30,1222.24,70,2851.88,4277823.48,"US, UK, France, Ghana, South Africa",Chartmetric + SoundCharts + WIPO 2025 methodology
Q4_2025,Falz,50773.15,30,15231.94,70,35541.2,53311803.51,"US, UK, France, Ghana, South Africa",Chartmetric + SoundCharts + WIPO 2025 methodology
Q4_2025,Fela Kuti,33060.16,30,9918.05,70,23142.11,34713163.8,"US, UK, France, Ghana, South Africa",Chartmetric + SoundCharts + WIPO 2025 methodology
Q4_2025,Fireboy DML,615647.74,30,184694.32,70,430953.42,646430125.3,"US, UK, France, Ghana, South Africa",Chartmetric + SoundCharts + WIPO 2025 methodology
Q4_2025,Flavour,781372,30,234411.6,70,546960.4,820440599.6,"US, UK, France, Ghana, South Africa",Chartmetric + SoundCharts + WIPO 2025 methodology
Q4_2025,Flavour N'abania,703243.99,30,210973.2,70,492270.79,738406189.1,"US, UK, France, Ghana, South Africa",Chartmetric + SoundCharts + WIPO 2025 methodology
Q4_2025,HarrySong,22782.88,30,6834.86,70,15948.01,23922022.32,"US, UK, France, Ghana, South Africa",Chartmetric + SoundCharts + WIPO 2025 methodology
Q4_2025,Ice Prince,57940.3,30,17382.09,70,40558.21,60837312.9,"US, UK, France, Ghana, South Africa",Chartmetric + SoundCharts + WIPO 2025 methodology
Q4_2025,Illbliss,12979.62,30,3893.89,70,9085.74,13628602.89,"US, UK, France, Ghana, South Africa",Chartmetric + SoundCharts + WIPO 2025 methodology
Q4_2025,Iyanya,69680.94,30,20904.28,70,48776.66,73164989.31,"US, UK, France, Ghana, South Africa",Chartmetric + SoundCharts + WIPO 2025 methodology
Q4_2025,Jesse Jagz,9088.26,30,2726.48,70,6361.78,9542669.85,"US, UK, France, Ghana, South Africa",Chartmetric + SoundCharts + WIPO 2025 methodology
Q4_2025,Joeboy,466998.96,30,140099.69,70,326899.27,490348903,"US, UK, France, Ghana, South Africa",Chartmetric + SoundCharts + WIPO 2025 methodology
Q4_2025,Johnny Drille,212062.26,30,63618.68,70,148443.58,222665375.5,"US, UK, France, Ghana, South Africa",Chartmetric + SoundCharts + WIPO 2025 methodology
Q4_2025,Khaid,264536.98,30,79361.09,70,185175.88,277763826.1,"US, UK, France, Ghana, South Africa",Chartmetric + SoundCharts + WIPO 2025 methodology
Q4_2025,King Sunny Ade,13140.11,30,3942.03,70,9198.08,13797117.18,"US, UK, France, Ghana, South Africa",Chartmetric + SoundCharts + WIPO 2025 methodology
Q4_2025,Kizz Daniel,397331.26,30,119199.38,70,278131.88,417197826.4,"US, UK, France, Ghana, South Africa",Chartmetric + SoundCharts + WIPO 2025 methodology
Q4_2025,Korede Bello,50972.25,30,15291.67,70,35680.57,53520858.93,"US, UK, France, Ghana, South Africa",Chartmetric + SoundCharts + WIPO 2025 methodology
Q4_2025,LADIPOE,88431.82,30,26529.55,70,61902.28,92853414.36,"US, UK, France, Ghana, South Africa",Chartmetric + SoundCharts + WIPO 2025 methodology
Q4_2025,Lady Donli,8224.38,30,2467.32,70,5757.07,8635602.78,"US, UK, France, Ghana, South Africa",Chartmetric + SoundCharts + WIPO 2025 methodology
Q4_2025,Lagbaja,1794.89,30,538.47,70,1256.43,1884638.07,"US, UK, France, Ghana, South Africa",Chartmetric + SoundCharts + WIPO 2025 methodology
Q4_2025,Libianca,373967.07,30,112190.12,70,261776.95,392665421.8,"US, UK, France, Ghana, South Africa",Chartmetric + SoundCharts + WIPO 2025 methodology
Q4_2025,Lil Kesh,68032.58,30,20409.77,70,47622.8,71434204.38,"US, UK, France, Ghana, South Africa",Chartmetric + SoundCharts + WIPO 2025 methodology
Q4_2025,Lojay,310185.65,30,93055.7,70,217129.96,325694933.6,"US, UK, France, Ghana, South Africa",Chartmetric + SoundCharts + WIPO 2025 methodology
Q4_2025,Lyta,39485.19,30,11845.56,70,27639.64,41459452.65,"US, UK, France, Ghana, South Africa",Chartmetric + SoundCharts + WIPO 2025 methodology
Q4_2025,M.I. Abaga,32262.06,30,9678.62,70,22583.44,33875157.96,"US, UK, France, Ghana, South Africa",Chartmetric + SoundCharts + WIPO 2025 methodology
Q4_2025,Magixx,126774.66,30,38032.4,70,88742.26,133113394.9,"US, UK, France, Ghana, South Africa",Chartmetric + SoundCharts + WIPO 2025 methodology
Q4_2025,Maleek Berry,74961.05,30,22488.32,70,52472.74,78709103.13,"US, UK, France, Ghana, South Africa",Chartmetric + SoundCharts + WIPO 2025 methodology
Q4_2025,Mannywellz,25238.85,30,7571.66,70,17667.2,26500793.13,"US, UK, France, Ghana, South Africa",Chartmetric + SoundCharts + WIPO 2025 methodology
Q4_2025,Mayorkun,123342.65,30,37002.8,70,86339.86,129509783.6,"US, UK, France, Ghana, South Africa",Chartmetric + SoundCharts + WIPO 2025 methodology
Q4_2025,Mohbad,94535.51,30,28360.65,70,66174.86,99262287.18,"US, UK, France, Ghana, South Africa",Chartmetric + SoundCharts + WIPO 2025 methodology
Q4_2025,Mr Eazi,296434.74,30,88930.42,70,207504.32,311256475.7,"US, UK, France, Ghana, South Africa",Chartmetric + SoundCharts + WIPO 2025 methodology
Q4_2025,Mr Real,2829.7,30,848.91,70,1980.79,2971188.99,"US, UK, France, Ghana, South Africa",Chartmetric + SoundCharts + WIPO 2025 methodology
Q4_2025,Naeto C,6299.59,30,1889.88,70,4409.71,6614567.82,"US, UK, France, Ghana, South Africa",Chartmetric + SoundCharts + WIPO 2025 methodology
Q4_2025,Naira Marley,315390.01,30,94617,70,220773.01,331159515.8,"US, UK, France, Ghana, South Africa",Chartmetric + SoundCharts + WIPO 2025 methodology
Q4_2025,Niniola,37781.65,30,11334.5,70,26447.16,39670733.97,"US, UK, France, Ghana, South Africa",Chartmetric + SoundCharts + WIPO 2025 methodology
Q4_2025,Nonso Amadi,57381.73,30,17214.52,70,40167.21,60250819.86,"US, UK, France, Ghana, South Africa",Chartmetric + SoundCharts + WIPO 2025 methodology
Q4_2025,ODUMODUBLVCK,267211.86,30,80163.56,70,187048.3,280572453.6,"US, UK, France, Ghana, South Africa",Chartmetric + SoundCharts + WIPO 2025 methodology
Q4_2025,Odunsi (The Engine),22866.11,30,6859.83,70,16006.27,24009411.51,"US, UK, France, Ghana, South Africa",Chartmetric + SoundCharts + WIPO 2025 methodology
Q4_2025,Olakira,141167.68,30,42350.3,70,98817.38,148226066.1,"US, UK, France, Ghana, South Africa",Chartmetric + SoundCharts + WIPO 2025 methodology
Q4_2025,Olamide,288283.41,30,86485.02,70,201798.39,302697583.2,"US, UK, France, Ghana, South Africa",Chartmetric + SoundCharts + WIPO 2025 methodology
Q4_2025,Olu Maintain,5688.07,30,1706.42,70,3981.65,5972476.23,"US, UK, France, Ghana, South Africa",Chartmetric + SoundCharts + WIPO 2025 methodology
Q4_2025,Omah Lay,1072838.27,30,321851.48,70,750986.79,1126480186,"US, UK, France, Ghana, South Africa",Chartmetric + SoundCharts + WIPO 2025 methodology
Q4_2025,Oxlade,305543.6,30,91663.08,70,213880.52,320820779.6,"US, UK, France, Ghana, South Africa",Chartmetric + SoundCharts + WIPO 2025 methodology
Q4_2025,P-Square,241579.6,30,72473.88,70,169105.72,253658580,"US, UK, France, Ghana, South Africa",Chartmetric + SoundCharts + WIPO 2025 methodology
Q4_2025,Patoranking,150022.32,30,45006.7,70,105015.62,157523435.6,"US, UK, France, Ghana, South Africa",Chartmetric + SoundCharts + WIPO 2025 methodology
Q4_2025,Peruzzi,36719.18,30,11015.75,70,25703.42,38555135.01,"US, UK, France, Ghana, South Africa",Chartmetric + SoundCharts + WIPO 2025 methodology
Q4_2025,Pheelz,200474.56,30,60142.37,70,140332.19,210498288.2,"US, UK, France, Ghana, South Africa",Chartmetric + SoundCharts + WIPO 2025 methodology
Q4_2025,Phyno,122621.84,30,36786.55,70,85835.29,128752936,"US, UK, France, Ghana, South Africa",Chartmetric + SoundCharts + WIPO 2025 methodology
Q4_2025,Portable,73649.18,30,22094.75,70,51554.43,77331640.05,"US, UK, France, Ghana, South Africa",Chartmetric + SoundCharts + WIPO 2025 methodology
Q4_2025,Praiz,13487.76,30,4046.33,70,9441.43,14162147.37,"US, UK, France, Ghana, South Africa",Chartmetric + SoundCharts + WIPO 2025 methodology
Q4_2025,Prettyboy D-O,7644.73,30,2293.42,70,5351.31,8026962.3,"US, UK, France, Ghana, South Africa",Chartmetric + SoundCharts + WIPO 2025 methodology
Q4_2025,Qing Madi,156802.59,30,47040.78,70,109761.82,164642724.5,"US, UK, France, Ghana, South Africa",Chartmetric + SoundCharts + WIPO 2025 methodology
Q4_2025,Reekado Banks,66836,30,20050.8,70,46785.2,70177805.04,"US, UK, France, Ghana, South Africa",Chartmetric + SoundCharts + WIPO 2025 methodology
Q4_2025,Rema,1516535.29,30,454960.59,70,1061574.7,1592362054,"US, UK, France, Ghana, South Africa",Chartmetric + SoundCharts + WIPO 2025 methodology
Q4_2025,Reminisce,38152.94,30,11445.88,70,26707.06,40060586.16,"US, UK, France, Ghana, South Africa",Chartmetric + SoundCharts + WIPO 2025 methodology
Q4_2025,Ric Hassani,43103.85,30,12931.16,70,30172.7,45259044.6,"US, UK, France, Ghana, South Africa",Chartmetric + SoundCharts + WIPO 2025 methodology
Q4_2025,Rude Boy,13067.8,30,3920.34,70,9147.46,13721190.21,"US, UK, France, Ghana, South Africa",Chartmetric + SoundCharts + WIPO 2025 methodology
Q4_2025,Ruger,390697.5,30,117209.25,70,273488.25,410232377.3,"US, UK, France, Ghana, South Africa",Chartmetric + SoundCharts + WIPO 2025 methodology
Q4_2025,Sarz,290888.53,30,87266.56,70,203621.97,305432959.9,"US, UK, France, Ghana, South Africa",Chartmetric + SoundCharts + WIPO 2025 methodology
Q4_2025,Sauce Kid,675.82,30,202.74,70,473.07,709606.8,"US, UK, France, Ghana, South Africa",Chartmetric + SoundCharts + WIPO 2025 methodology
Q4_2025,Sean Tizzle,20674.39,30,6202.32,70,14472.07,21708107.19,"US, UK, France, Ghana, South Africa",Chartmetric + SoundCharts + WIPO 2025 methodology
Q4_2025,Seyi Shay,34328.58,30,10298.57,70,24030,36045004.59,"US, UK, France, Ghana, South Africa",Chartmetric + SoundCharts + WIPO 2025 methodology
Q4_2025,Seyi Vibez,286989.94,30,86096.98,70,200892.96,301339439.1,"US, UK, France, Ghana, South Africa",Chartmetric + SoundCharts + WIPO 2025 methodology
Q4_2025,Shallipopi,441378.55,30,132413.56,70,308964.98,463447475.8,"US, UK, France, Ghana, South Africa",Chartmetric + SoundCharts + WIPO 2025 methodology
Q4_2025,Show Dem Camp,34683.09,30,10404.93,70,24278.17,36417249.54,"US, UK, France, Ghana, South Africa",Chartmetric + SoundCharts + WIPO 2025 methodology
Q4_2025,Simi,108747.68,30,32624.31,70,76123.38,114185068.8,"US, UK, France, Ghana, South Africa",Chartmetric + SoundCharts + WIPO 2025 methodology
Q4_2025,Skiibii,107461.79,30,32238.54,70,75223.25,112834874.9,"US, UK, France, Ghana, South Africa",Chartmetric + SoundCharts + WIPO 2025 methodology
Q4_2025,Small Doctor,10303.83,30,3091.15,70,7212.68,10819025.91,"US, UK, France, Ghana, South Africa",Chartmetric + SoundCharts + WIPO 2025 methodology
Q4_2025,Solidstar,5585.32,30,1675.6,70,3909.72,5864586.84,"US, UK, France, Ghana, South Africa",Chartmetric + SoundCharts + WIPO 2025 methodology
Q4_2025,Sound Sultan,7408.23,30,2222.47,70,5185.76,7778640.87,"US, UK, France, Ghana, South Africa",Chartmetric + SoundCharts + WIPO 2025 methodology
Q4_2025,Spyro,159453.08,30,47835.92,70,111617.15,167425728.8,"US, UK, France, Ghana, South Africa",Chartmetric + SoundCharts + WIPO 2025 methodology
Q4_2025,Tay Iwar,56348.9,30,16904.67,70,39444.23,59166343.53,"US, UK, France, Ghana, South Africa",Chartmetric + SoundCharts + WIPO 2025 methodology
Q4_2025,Tekno,223035.87,30,66910.76,70,156125.11,234187658.9,"US, UK, France, Ghana, South Africa",Chartmetric + SoundCharts + WIPO 2025 methodology
Q4_2025,Tempoe,206961.27,30,62088.38,70,144872.89,217309337.3,"US, UK, France, Ghana, South Africa",Chartmetric + SoundCharts + WIPO 2025 methodology
Q4_2025,Tems,1560169.4,30,468050.82,70,1092118.58,1638177874,"US, UK, France, Ghana, South Africa",Chartmetric + SoundCharts + WIPO 2025 methodology
Q4_2025,Teni,114082.55,30,34224.77,70,79857.79,119786679.2,"US, UK, France, Ghana, South Africa",Chartmetric + SoundCharts + WIPO 2025 methodology
Q4_2025,Terri,22900.74,30,6870.22,70,16030.52,24045773.22,"US, UK, France, Ghana, South Africa",Chartmetric + SoundCharts + WIPO 2025 methodology
Q4_2025,Terry Apala,13026.75,30,3908.02,70,9118.72,13678085.61,"US, UK, France, Ghana, South Africa",Chartmetric + SoundCharts + WIPO 2025 methodology
Q4_2025,Timaya,85747.92,30,25724.38,70,60023.54,90035313.27,"US, UK, France, Ghana, South Africa",Chartmetric + SoundCharts + WIPO 2025 methodology
Q4_2025,Tiwa Savage,233366.21,30,70009.86,70,163356.35,245034519.5,"US, UK, France, Ghana, South Africa",Chartmetric + SoundCharts + WIPO 2025 methodology
Q4_2025,Vector,53575.64,30,16072.69,70,37502.95,56254423.05,"US, UK, France, Ghana, South Africa",Chartmetric + SoundCharts + WIPO 2025 methodology
Q4_2025,Victony,438195.27,30,131458.58,70,306736.69,460105028.5,"US, UK, France, Ghana, South Africa",Chartmetric + SoundCharts + WIPO 2025 methodology
Q4_2025,Waje,12709.51,30,3812.85,70,8896.66,13344983.19,"US, UK, France, Ghana, South Africa",Chartmetric + SoundCharts + WIPO 2025 methodology
Q4_2025,Wande Coal,132634.89,30,39790.47,70,92844.42,139266631.4,"US, UK, France, Ghana, South Africa",Chartmetric + SoundCharts + WIPO 2025 methodology
Q4_2025,Wizkid,1040251.29,30,312075.39,70,728175.9,1092263857,"US, UK, France, Ghana, South Africa",Chartmetric + SoundCharts + WIPO 2025 methodology
Q4_2025,WurlD,59052.08,30,17715.62,70,41336.45,62004679.38,"US, UK, France, Ghana, South Africa",Chartmetric + SoundCharts + WIPO 2025 methodology
Q4_2025,Ycee,61087.6,30,18326.28,70,42761.32,64141978.95,"US, UK, France, Ghana, South Africa",Chartmetric + SoundCharts + WIPO 2025 methodology
Q4_2025,Yemi Alade,106933.92,30,32080.18,70,74853.75,112280618.5,"US, UK, France, Ghana, South Africa",Chartmetric + SoundCharts + WIPO 2025 methodology
Q4_2025,Young Jonn,302437.06,30,90731.12,70,211705.94,317558908.2,"US, UK, France, Ghana, South Africa",Chartmetric + SoundCharts + WIPO 2025 methodology
Q4_2025,Yung6ix,8178.05,30,2453.41,70,5724.63,8586951.03,"US, UK, France, Ghana, South Africa",Chartmetric + SoundCharts + WIPO 2025 methodology
Q4_2025,Zinoleesky,178648.29,30,53594.49,70,125053.8,187580705.8,"US, UK, France, Ghana, South Africa",Chartmetric + SoundCharts + WIPO 2025 methodology
Q4_2025,Zlatan,192059.42,30,57617.83,70,134441.6,201662394.6,"US, UK, France, Ghana, South Africa",Chartmetric + SoundCharts + WIPO 2025 methodology
Q4_2025,=== PERIOD TOTAL ===,,30,7247412.09,70,16910628.2,25365942298,,Aggregated
Q1_2026,2Baba,69486.19,30,20845.86,70,48640.33,72960499.29,"US, UK, France, Ghana, South Africa",Chartmetric + SoundCharts + WIPO 2025 methodology
Q1_2026,9ice,16586.17,30,4975.85,70,11610.32,17415481.86,"US, UK, France, Ghana, South Africa",Chartmetric + SoundCharts + WIPO 2025 methodology
Q1_2026,Adekunle Gold,228647.14,30,68594.14,70,160053,240079501,"US, UK, France, Ghana, South Africa",Chartmetric + SoundCharts + WIPO 2025 methodology
Q1_2026,Ajebutter22,18879.91,30,5663.97,70,13215.94,19823907.6,"US, UK, France, Ghana, South Africa",Chartmetric + SoundCharts + WIPO 2025 methodology
Q1_2026,Amaarae,355394.59,30,106618.38,70,248776.22,373164324.1,"US, UK, France, Ghana, South Africa",Chartmetric + SoundCharts + WIPO 2025 methodology
Q1_2026,Asake,834972.38,30,250491.71,70,584480.66,876720996.3,"US, UK, France, Ghana, South Africa",Chartmetric + SoundCharts + WIPO 2025 methodology
Q1_2026,Ayra Starr,1536214.99,30,460864.5,70,1075350.49,1613025740,"US, UK, France, Ghana, South Africa",Chartmetric + SoundCharts + WIPO 2025 methodology
Q1_2026,Aṣa,47887.42,30,14366.22,70,33521.19,50281786.38,"US, UK, France, Ghana, South Africa",Chartmetric + SoundCharts + WIPO 2025 methodology
Q1_2026,BNXN,346743.24,30,104022.97,70,242720.27,364080403.3,"US, UK, France, Ghana, South Africa",Chartmetric + SoundCharts + WIPO 2025 methodology
Q1_2026,Bad Boy Timz,29929.94,30,8978.98,70,20950.96,31426436.16,"US, UK, France, Ghana, South Africa",Chartmetric + SoundCharts + WIPO 2025 methodology
Q1_2026,Banky W.,24104.29,30,7231.29,70,16873,25309501.77,"US, UK, France, Ghana, South Africa",Chartmetric + SoundCharts + WIPO 2025 methodology
Q1_2026,Bayanni,152850.79,30,45855.24,70,106995.55,160493327.2,"US, UK, France, Ghana, South Africa",Chartmetric + SoundCharts + WIPO 2025 methodology
Q1_2026,Bella Shmurda,224158.96,30,67247.69,70,156911.27,235366905.1,"US, UK, France, Ghana, South Africa",Chartmetric + SoundCharts + WIPO 2025 methodology
Q1_2026,Blaqbonez,139045.56,30,41713.67,70,97331.89,145997839.3,"US, UK, France, Ghana, South Africa",Chartmetric + SoundCharts + WIPO 2025 methodology
Q1_2026,Bloody Civilian,52622.47,30,15786.74,70,36835.73,55253593.71,"US, UK, France, Ghana, South Africa",Chartmetric + SoundCharts + WIPO 2025 methodology
Q1_2026,Boj,61747.94,30,18524.38,70,43223.55,64835332.38,"US, UK, France, Ghana, South Africa",Chartmetric + SoundCharts + WIPO 2025 methodology
Q1_2026,Boy Spyce,73788.19,30,22136.46,70,51651.73,77477595.3,"US, UK, France, Ghana, South Africa",Chartmetric + SoundCharts + WIPO 2025 methodology
Q1_2026,Bracket,69592.05,30,20877.62,70,48714.44,73071656.7,"US, UK, France, Ghana, South Africa",Chartmetric + SoundCharts + WIPO 2025 methodology
Q1_2026,Brymo,31404.22,30,9421.27,70,21982.95,32974431.21,"US, UK, France, Ghana, South Africa",Chartmetric + SoundCharts + WIPO 2025 methodology
Q1_2026,Burna Boy,8.27,30,2.48,70,5.79,8682.03,"US, UK, France, Ghana, South Africa",Chartmetric + SoundCharts + WIPO 2025 methodology
Q1_2026,CDQ,19751.1,30,5925.33,70,13825.77,20738651.22,"US, UK, France, Ghana, South Africa",Chartmetric + SoundCharts + WIPO 2025 methodology
Q1_2026,CKay,740355.24,30,222106.57,70,518248.67,777372998,"US, UK, France, Ghana, South Africa",Chartmetric + SoundCharts + WIPO 2025 methodology
Q1_2026,Chike,338908.19,30,101672.46,70,237235.73,355853596.8,"US, UK, France, Ghana, South Africa",Chartmetric + SoundCharts + WIPO 2025 methodology
Q1_2026,Crayon,145553.4,30,43666.02,70,101887.38,152831068.3,"US, UK, France, Ghana, South Africa",Chartmetric + SoundCharts + WIPO 2025 methodology
Q1_2026,Cruel Santino,46361.01,30,13908.3,70,32452.71,48679064.28,"US, UK, France, Ghana, South Africa",Chartmetric + SoundCharts + WIPO 2025 methodology
Q1_2026,D'banj,42629.55,30,12788.87,70,29840.69,44761030.23,"US, UK, France, Ghana, South Africa",Chartmetric + SoundCharts + WIPO 2025 methodology
Q1_2026,DJ Neptune,70017.7,30,21005.31,70,49012.39,73518588.78,"US, UK, France, Ghana, South Africa",Chartmetric + SoundCharts + WIPO 2025 methodology
Q1_2026,DJ Spinall,67680.87,30,20304.26,70,47376.61,71064917.28,"US, UK, France, Ghana, South Africa",Chartmetric + SoundCharts + WIPO 2025 methodology
Q1_2026,Dammy Krane,2734.05,30,820.22,70,1913.84,2870754.39,"US, UK, France, Ghana, South Africa",Chartmetric + SoundCharts + WIPO 2025 methodology
Q1_2026,Darey,25334.93,30,7600.48,70,17734.45,26601680.07,"US, UK, France, Ghana, South Africa",Chartmetric + SoundCharts + WIPO 2025 methodology
Q1_2026,Darkoo,245225.09,30,73567.53,70,171657.56,257486343.7,"US, UK, France, Ghana, South Africa",Chartmetric + SoundCharts + WIPO 2025 methodology
Q1_2026,Davido,979189.78,30,293756.93,70,685432.84,1028149267,"US, UK, France, Ghana, South Africa",Chartmetric + SoundCharts + WIPO 2025 methodology
Q1_2026,Dice Ailes,98.26,30,29.48,70,68.78,103168.8,"US, UK, France, Ghana, South Africa",Chartmetric + SoundCharts + WIPO 2025 methodology
Q1_2026,Dremo,15933.4,30,4780.02,70,11153.38,16730066.43,"US, UK, France, Ghana, South Africa",Chartmetric + SoundCharts + WIPO 2025 methodology
Q1_2026,Duncan Mighty,42618.84,30,12785.65,70,29833.19,44749781.16,"US, UK, France, Ghana, South Africa",Chartmetric + SoundCharts + WIPO 2025 methodology
Q1_2026,Eldee,4354.29,30,1306.29,70,3048.01,4572008.91,"US, UK, France, Ghana, South Africa",Chartmetric + SoundCharts + WIPO 2025 methodology
Q1_2026,Falz,51420.14,30,15426.04,70,35994.1,53991144.69,"US, UK, France, Ghana, South Africa",Chartmetric + SoundCharts + WIPO 2025 methodology
Q1_2026,Fela Kuti,37997.22,30,11399.17,70,26598.05,39897080.58,"US, UK, France, Ghana, South Africa",Chartmetric + SoundCharts + WIPO 2025 methodology
Q1_2026,Fireboy DML,687282.19,30,206184.66,70,481097.53,721646302.2,"US, UK, France, Ghana, South Africa",Chartmetric + SoundCharts + WIPO 2025 methodology
Q1_2026,Flavour,795132.15,30,238539.65,70,556592.51,834888760.7,"US, UK, France, Ghana, South Africa",Chartmetric + SoundCharts + WIPO 2025 methodology
Q1_2026,Flavour N'abania,714697.15,30,214409.15,70,500288.01,750432010.2,"US, UK, France, Ghana, South Africa",Chartmetric + SoundCharts + WIPO 2025 methodology
Q1_2026,HarrySong,23300.11,30,6990.03,70,16310.07,24465111.3,"US, UK, France, Ghana, South Africa",Chartmetric + SoundCharts + WIPO 2025 methodology
Q1_2026,Ice Prince,65042.8,30,19512.84,70,45529.96,68294938.11,"US, UK, France, Ghana, South Africa",Chartmetric + SoundCharts + WIPO 2025 methodology
Q1_2026,Illbliss,14517.08,30,4355.13,70,10161.96,15242938.83,"US, UK, France, Ghana, South Africa",Chartmetric + SoundCharts + WIPO 2025 methodology
Q1_2026,Iyanya,77626.06,30,23287.82,70,54338.24,81507361.32,"US, UK, France, Ghana, South Africa",Chartmetric + SoundCharts + WIPO 2025 methodology
Q1_2026,Jesse Jagz,6916.1,30,2074.83,70,4841.27,7261904.79,"US, UK, France, Ghana, South Africa",Chartmetric + SoundCharts + WIPO 2025 methodology
Q1_2026,Joeboy,487394.45,30,146218.33,70,341176.11,511764171,"US, UK, France, Ghana, South Africa",Chartmetric + SoundCharts + WIPO 2025 methodology
Q1_2026,Johnny Drille,211381.84,30,63414.55,70,147967.29,221950934.7,"US, UK, France, Ghana, South Africa",Chartmetric + SoundCharts + WIPO 2025 methodology
Q1_2026,Khaid,260865.26,30,78259.58,70,182605.68,273908522.2,"US, UK, France, Ghana, South Africa",Chartmetric + SoundCharts + WIPO 2025 methodology
Q1_2026,King Sunny Ade,13256.95,30,3977.09,70,9279.87,13919802.12,"US, UK, France, Ghana, South Africa",Chartmetric + SoundCharts + WIPO 2025 methodology
Q1_2026,Kizz Daniel,460309.69,30,138092.91,70,322216.79,483325177.7,"US, UK, France, Ghana, South Africa",Chartmetric + SoundCharts + WIPO 2025 methodology
Q1_2026,Korede Bello,59726.96,30,17918.09,70,41808.87,62713308,"US, UK, France, Ghana, South Africa",Chartmetric + SoundCharts + WIPO 2025 methodology
Q1_2026,LADIPOE,89380.56,30,26814.17,70,62566.39,93849585.48,"US, UK, France, Ghana, South Africa",Chartmetric + SoundCharts + WIPO 2025 methodology
Q1_2026,Lady Donli,12250.36,30,3675.11,70,8575.25,12862877.58,"US, UK, France, Ghana, South Africa",Chartmetric + SoundCharts + WIPO 2025 methodology
Q1_2026,Lagbaja,1866.54,30,559.96,70,1306.58,1959862.59,"US, UK, France, Ghana, South Africa",Chartmetric + SoundCharts + WIPO 2025 methodology
Q1_2026,Libianca,428288.17,30,128486.45,70,299801.72,449702575.1,"US, UK, France, Ghana, South Africa",Chartmetric + SoundCharts + WIPO 2025 methodology
Q1_2026,Lil Kesh,70283.58,30,21085.07,70,49198.5,73797755.01,"US, UK, France, Ghana, South Africa",Chartmetric + SoundCharts + WIPO 2025 methodology
Q1_2026,Lojay,275542.07,30,82662.62,70,192879.45,289319178.3,"US, UK, France, Ghana, South Africa",Chartmetric + SoundCharts + WIPO 2025 methodology
Q1_2026,Lyta,45168.38,30,13550.52,70,31617.87,47426802.57,"US, UK, France, Ghana, South Africa",Chartmetric + SoundCharts + WIPO 2025 methodology
Q1_2026,M.I. Abaga,33276.6,30,9982.98,70,23293.62,34940426.85,"US, UK, France, Ghana, South Africa",Chartmetric + SoundCharts + WIPO 2025 methodology
Q1_2026,Magixx,125636.41,30,37690.92,70,87945.49,131918235.1,"US, UK, France, Ghana, South Africa",Chartmetric + SoundCharts + WIPO 2025 methodology
Q1_2026,Maleek Berry,86233.89,30,25870.17,70,60363.72,90545585.76,"US, UK, France, Ghana, South Africa",Chartmetric + SoundCharts + WIPO 2025 methodology
Q1_2026,Mannywellz,41092.27,30,12327.68,70,28764.59,43146884.97,"US, UK, France, Ghana, South Africa",Chartmetric + SoundCharts + WIPO 2025 methodology
Q1_2026,Mayorkun,123022.98,30,36906.89,70,86116.09,129174127.7,"US, UK, France, Ghana, South Africa",Chartmetric + SoundCharts + WIPO 2025 methodology
Q1_2026,Mohbad,94325.07,30,28297.52,70,66027.55,99041321.61,"US, UK, France, Ghana, South Africa",Chartmetric + SoundCharts + WIPO 2025 methodology
Q1_2026,Mr Eazi,350436.87,30,105131.06,70,245305.81,367958717.9,"US, UK, France, Ghana, South Africa",Chartmetric + SoundCharts + WIPO 2025 methodology
Q1_2026,Mr Real,10794.33,30,3238.3,70,7556.03,11334047.76,"US, UK, France, Ghana, South Africa",Chartmetric + SoundCharts + WIPO 2025 methodology
Q1_2026,Naeto C,6078.31,30,1823.49,70,4254.82,6382225.08,"US, UK, France, Ghana, South Africa",Chartmetric + SoundCharts + WIPO 2025 methodology
Q1_2026,Naira Marley,322898.37,30,96869.51,70,226028.86,339043287.2,"US, UK, France, Ghana, South Africa",Chartmetric + SoundCharts + WIPO 2025 methodology
Q1_2026,Niniola,34514.67,30,10354.4,70,24160.27,36240405.39,"US, UK, France, Ghana, South Africa",Chartmetric + SoundCharts + WIPO 2025 methodology
Q1_2026,Nonso Amadi,58949.46,30,17684.84,70,41264.62,61896936.15,"US, UK, France, Ghana, South Africa",Chartmetric + SoundCharts + WIPO 2025 methodology
Q1_2026,ODUMODUBLVCK,254255.92,30,76276.77,70,177979.14,266968711.2,"US, UK, France, Ghana, South Africa",Chartmetric + SoundCharts + WIPO 2025 methodology
Q1_2026,Odunsi (The Engine),18855.07,30,5656.52,70,13198.55,19797820.56,"US, UK, France, Ghana, South Africa",Chartmetric + SoundCharts + WIPO 2025 methodology
Q1_2026,Olakira,140935.82,30,42280.75,70,98655.08,147982614.6,"US, UK, France, Ghana, South Africa",Chartmetric + SoundCharts + WIPO 2025 methodology
Q1_2026,Olamide,319545.97,30,95863.79,70,223682.18,335523273.1,"US, UK, France, Ghana, South Africa",Chartmetric + SoundCharts + WIPO 2025 methodology
Q1_2026,Olu Maintain,5936.56,30,1780.97,70,4155.59,6233389.47,"US, UK, France, Ghana, South Africa",Chartmetric + SoundCharts + WIPO 2025 methodology
Q1_2026,Omah Lay,1108426.23,30,332527.87,70,775898.36,1163847543,"US, UK, France, Ghana, South Africa",Chartmetric + SoundCharts + WIPO 2025 methodology
Q1_2026,Oxlade,375512.79,30,112653.84,70,262858.95,394288425.5,"US, UK, France, Ghana, South Africa",Chartmetric + SoundCharts + WIPO 2025 methodology
Q1_2026,P-Square,314149.95,30,94244.98,70,219904.96,329857446.5,"US, UK, France, Ghana, South Africa",Chartmetric + SoundCharts + WIPO 2025 methodology
Q1_2026,Patoranking,176901.66,30,53070.5,70,123831.16,185746741.7,"US, UK, France, Ghana, South Africa",Chartmetric + SoundCharts + WIPO 2025 methodology
Q1_2026,Peruzzi,37219.54,30,11165.86,70,26053.68,39080518.47,"US, UK, France, Ghana, South Africa",Chartmetric + SoundCharts + WIPO 2025 methodology
Q1_2026,Pheelz,189413.67,30,56824.1,70,132589.57,198884354.1,"US, UK, France, Ghana, South Africa",Chartmetric + SoundCharts + WIPO 2025 methodology
Q1_2026,Phyno,153104.39,30,45931.32,70,107173.07,160759604.5,"US, UK, France, Ghana, South Africa",Chartmetric + SoundCharts + WIPO 2025 methodology
Q1_2026,Portable,75011.99,30,22503.6,70,52508.39,78762587.4,"US, UK, France, Ghana, South Africa",Chartmetric + SoundCharts + WIPO 2025 methodology
Q1_2026,Praiz,13563.03,30,4068.91,70,9494.12,14241182.13,"US, UK, France, Ghana, South Africa",Chartmetric + SoundCharts + WIPO 2025 methodology
Q1_2026,Prettyboy D-O,7029.33,30,2108.8,70,4920.53,7380798.39,"US, UK, France, Ghana, South Africa",Chartmetric + SoundCharts + WIPO 2025 methodology
Q1_2026,Qing Madi,160362.45,30,48108.74,70,112253.72,168380576.3,"US, UK, France, Ghana, South Africa",Chartmetric + SoundCharts + WIPO 2025 methodology
Q1_2026,Reekado Banks,81706.15,30,24511.84,70,57194.3,85791453.3,"US, UK, France, Ghana, South Africa",Chartmetric + SoundCharts + WIPO 2025 methodology
Q1_2026,Rema,2028303.44,30,608491.03,70,1419812.41,2129718609,"US, UK, France, Ghana, South Africa",Chartmetric + SoundCharts + WIPO 2025 methodology
Q1_2026,Reminisce,39345.13,30,11803.54,70,27541.59,41312386.08,"US, UK, France, Ghana, South Africa",Chartmetric + SoundCharts + WIPO 2025 methodology
Q1_2026,Ric Hassani,56162.11,30,16848.63,70,39313.47,58970212.35,"US, UK, France, Ghana, South Africa",Chartmetric + SoundCharts + WIPO 2025 methodology
Q1_2026,Rude Boy,12367.12,30,3710.14,70,8656.98,12985474.32,"US, UK, France, Ghana, South Africa",Chartmetric + SoundCharts + WIPO 2025 methodology
Q1_2026,Ruger,482087.48,30,144626.24,70,337461.24,506191856.5,"US, UK, France, Ghana, South Africa",Chartmetric + SoundCharts + WIPO 2025 methodology
Q1_2026,Sarz,272874.85,30,81862.46,70,191012.4,286518596.5,"US, UK, France, Ghana, South Africa",Chartmetric + SoundCharts + WIPO 2025 methodology
Q1_2026,Sauce Kid,673.87,30,202.16,70,471.71,707561.19,"US, UK, France, Ghana, South Africa",Chartmetric + SoundCharts + WIPO 2025 methodology
Q1_2026,Sean Tizzle,31433.61,30,9430.08,70,22003.53,33005287.98,"US, UK, France, Ghana, South Africa",Chartmetric + SoundCharts + WIPO 2025 methodology
Q1_2026,Seyi Shay,34900.73,30,10470.22,70,24430.51,36645765.66,"US, UK, France, Ghana, South Africa",Chartmetric + SoundCharts + WIPO 2025 methodology
Q1_2026,Seyi Vibez,273775.34,30,82132.6,70,191642.74,287464109.3,"US, UK, France, Ghana, South Africa",Chartmetric + SoundCharts + WIPO 2025 methodology
Q1_2026,Shallipopi,360257.46,30,108077.24,70,252180.22,378270336.8,"US, UK, France, Ghana, South Africa",Chartmetric + SoundCharts + WIPO 2025 methodology
Q1_2026,Show Dem Camp,35437.34,30,10631.2,70,24806.14,37209204.9,"US, UK, France, Ghana, South Africa",Chartmetric + SoundCharts + WIPO 2025 methodology
Q1_2026,Simi,124459.82,30,37337.95,70,87121.87,130682810.2,"US, UK, France, Ghana, South Africa",Chartmetric + SoundCharts + WIPO 2025 methodology
Q1_2026,Skiibii,120111.72,30,36033.52,70,84078.21,126117311,"US, UK, France, Ghana, South Africa",Chartmetric + SoundCharts + WIPO 2025 methodology
Q1_2026,Small Doctor,9446.62,30,2833.99,70,6612.63,9918949.95,"US, UK, France, Ghana, South Africa",Chartmetric + SoundCharts + WIPO 2025 methodology
Q1_2026,Solidstar,5531.96,30,1659.59,70,3872.37,5808554.64,"US, UK, France, Ghana, South Africa",Chartmetric + SoundCharts + WIPO 2025 methodology
Q1_2026,Sound Sultan,7280.97,30,2184.29,70,5096.68,7645016.61,"US, UK, France, Ghana, South Africa",Chartmetric + SoundCharts + WIPO 2025 methodology
Q1_2026,Spyro,150529.04,30,45158.71,70,105370.33,158055491.2,"US, UK, France, Ghana, South Africa",Chartmetric + SoundCharts + WIPO 2025 methodology
Q1_2026,Tay Iwar,51593.68,30,15478.1,70,36115.57,54173361.69,"US, UK, France, Ghana, South Africa",Chartmetric + SoundCharts + WIPO 2025 methodology
Q1_2026,Tekno,274905.1,30,82471.53,70,192433.57,288650354.8,"US, UK, France, Ghana, South Africa",Chartmetric + SoundCharts + WIPO 2025 methodology
Q1_2026,Tempoe,219398.83,30,65819.65,70,153579.18,230368770.5,"US, UK, France, Ghana, South Africa",Chartmetric + SoundCharts + WIPO 2025 methodology
Q1_2026,Tems,3191567.56,30,957470.27,70,2234097.29,3351145935,"US, UK, France, Ghana, South Africa",Chartmetric + SoundCharts + WIPO 2025 methodology
Q1_2026,Teni,105573.99,30,31672.2,70,73901.79,110852684.9,"US, UK, France, Ghana, South Africa",Chartmetric + SoundCharts + WIPO 2025 methodology
Q1_2026,Terri,22381.33,30,6714.4,70,15666.93,23500401.75,"US, UK, France, Ghana, South Africa",Chartmetric + SoundCharts + WIPO 2025 methodology
Q1_2026,Terry Apala,40942.78,30,12282.83,70,28659.94,42989914.17,"US, UK, France, Ghana, South Africa",Chartmetric + SoundCharts + WIPO 2025 methodology
Q1_2026,Timaya,95889.95,30,28766.99,70,67122.97,100684450.2,"US, UK, France, Ghana, South Africa",Chartmetric + SoundCharts + WIPO 2025 methodology
Q1_2026,Tiwa Savage,255791.3,30,76737.39,70,179053.91,268580860.6,"US, UK, France, Ghana, South Africa",Chartmetric + SoundCharts + WIPO 2025 methodology
Q1_2026,Vector,54498.2,30,16349.46,70,38148.74,57223108.53,"US, UK, France, Ghana, South Africa",Chartmetric + SoundCharts + WIPO 2025 methodology
Q1_2026,Victony,440181.34,30,132054.4,70,308126.94,462190409.7,"US, UK, France, Ghana, South Africa",Chartmetric + SoundCharts + WIPO 2025 methodology
Q1_2026,Waje,12308.78,30,3692.63,70,8616.15,12924219.42,"US, UK, France, Ghana, South Africa",Chartmetric + SoundCharts + WIPO 2025 methodology
Q1_2026,Wande Coal,157406.97,30,47222.09,70,110184.88,165277319.8,"US, UK, France, Ghana, South Africa",Chartmetric + SoundCharts + WIPO 2025 methodology
Q1_2026,Wizkid,1406252.75,30,421875.83,70,984376.93,1476565389,"US, UK, France, Ghana, South Africa",Chartmetric + SoundCharts + WIPO 2025 methodology
Q1_2026,WurlD,62546.46,30,18763.94,70,43782.52,65673777.96,"US, UK, France, Ghana, South Africa",Chartmetric + SoundCharts + WIPO 2025 methodology
Q1_2026,Ycee,62570.95,30,18771.29,70,43799.67,65699498.97,"US, UK, France, Ghana, South Africa",Chartmetric + SoundCharts + WIPO 2025 methodology
Q1_2026,Yemi Alade,109180.68,30,32754.2,70,76426.48,114639713.6,"US, UK, France, Ghana, South Africa",Chartmetric + SoundCharts + WIPO 2025 methodology
Q1_2026,Young Jonn,269255.45,30,80776.63,70,188478.81,282718219.8,"US, UK, France, Ghana, South Africa",Chartmetric + SoundCharts + WIPO 2025 methodology
Q1_2026,Yung6ix,10085.8,30,3025.74,70,7060.06,10590091.47,"US, UK, France, Ghana, South Africa",Chartmetric + SoundCharts + WIPO 2025 methodology
Q1_2026,Zinoleesky,170941.55,30,51282.47,70,119659.09,179488627.9,"US, UK, France, Ghana, South Africa",Chartmetric + SoundCharts + WIPO 2025 methodology
Q1_2026,Zlatan,188569.13,30,56570.74,70,131998.39,197997591.3,"US, UK, France, Ghana, South Africa",Chartmetric + SoundCharts + WIPO 2025 methodology
Q1_2026,=== PERIOD TOTAL ===,,30,8386940.15,70,19569527.01,29354290509,,Aggregated
