variable_name,period_label,gap_count,reasons
Bandsintown_followers_daily,Q1_2024,90,missing_observation_in_expected_window
Bandsintown_followers_daily,Q1_2025,113,missing_observation_in_expected_window
Bandsintown_followers_daily,Q2_2024,88,missing_observation_in_expected_window
Bandsintown_followers_daily,Q2_2025,639,missing_observation_in_expected_window
Bandsintown_followers_daily,Q3_2024,77,missing_observation_in_expected_window
Bandsintown_followers_daily,Q3_2025,1776,missing_observation_in_expected_window
Bandsintown_followers_daily,Q4_2024,86,missing_observation_in_expected_window
Bandsintown_followers_daily,Q4_2025,981,missing_observation_in_expected_window
Instagram_followers_daily,Q1_2024,1276,missing_observation_in_expected_window
Instagram_followers_daily,Q1_2025,793,missing_observation_in_expected_window
Instagram_followers_daily,Q2_2024,1336,missing_observation_in_expected_window
Instagram_followers_daily,Q2_2025,682,missing_observation_in_expected_window
Instagram_followers_daily,Q3_2024,1506,missing_observation_in_expected_window
Instagram_followers_daily,Q3_2025,1976,missing_observation_in_expected_window
Instagram_followers_daily,Q4_2024,1392,missing_observation_in_expected_window
Instagram_followers_daily,Q4_2025,694,missing_observation_in_expected_window
Shazam_chart_position_daily,Q1_2024,131,missing_observation_in_expected_window
Shazam_chart_position_daily,Q1_2025,131,missing_observation_in_expected_window
Shazam_chart_position_daily,Q2_2024,131,missing_observation_in_expected_window
Shazam_chart_position_daily,Q2_2025,131,missing_observation_in_expected_window
Shazam_chart_position_daily,Q3_2024,131,missing_observation_in_expected_window
Shazam_chart_position_daily,Q3_2025,131,missing_observation_in_expected_window
Shazam_chart_position_daily,Q4_2024,131,missing_observation_in_expected_window
Shazam_chart_position_daily,Q4_2025,131,missing_observation_in_expected_window
Shazam_counts_daily,Q1_2024,131,missing_observation_in_expected_window
Shazam_counts_daily,Q1_2025,127,missing_observation_in_expected_window
Shazam_counts_daily,Q2_2024,131,missing_observation_in_expected_window
Shazam_counts_daily,Q2_2025,131,missing_observation_in_expected_window
Shazam_counts_daily,Q3_2024,128,missing_observation_in_expected_window
Shazam_counts_daily,Q3_2025,131,missing_observation_in_expected_window
Shazam_counts_daily,Q4_2024,131,missing_observation_in_expected_window
Shazam_counts_daily,Q4_2025,131,missing_observation_in_expected_window
Soundcloud_followers_daily,Q1_2024,60,missing_observation_in_expected_window
Soundcloud_followers_daily,Q1_2025,585,missing_observation_in_expected_window
Soundcloud_followers_daily,Q2_2024,275,missing_observation_in_expected_window
Soundcloud_followers_daily,Q2_2025,576,missing_observation_in_expected_window
Soundcloud_followers_daily,Q3_2024,613,missing_observation_in_expected_window
Soundcloud_followers_daily,Q3_2025,309,missing_observation_in_expected_window
Soundcloud_followers_daily,Q4_2024,474,missing_observation_in_expected_window
Soundcloud_followers_daily,Q4_2025,685,missing_observation_in_expected_window
Spotify_followers_daily,Q1_2024,205,missing_observation_in_expected_window
Spotify_followers_daily,Q1_2025,3,missing_observation_in_expected_window
Spotify_followers_daily,Q2_2024,4,missing_observation_in_expected_window
Spotify_followers_daily,Q2_2025,3,missing_observation_in_expected_window
Spotify_followers_daily,Q3_2024,5,missing_observation_in_expected_window
Spotify_followers_daily,Q3_2025,4,missing_observation_in_expected_window
Spotify_followers_daily,Q4_2024,4,missing_observation_in_expected_window
Spotify_followers_daily,Q4_2025,4,missing_observation_in_expected_window
Spotify_monthly_listeners_daily,Q1_2024,264,missing_observation_in_expected_window
Spotify_monthly_listeners_daily,Q1_2025,3,missing_observation_in_expected_window
Spotify_monthly_listeners_daily,Q2_2024,5,missing_observation_in_expected_window
Spotify_monthly_listeners_daily,Q2_2025,3,missing_observation_in_expected_window
Spotify_monthly_listeners_daily,Q3_2024,5,missing_observation_in_expected_window
Spotify_monthly_listeners_daily,Q3_2025,4,missing_observation_in_expected_window
Spotify_monthly_listeners_daily,Q4_2024,4,missing_observation_in_expected_window
Spotify_monthly_listeners_daily,Q4_2025,3,missing_observation_in_expected_window
TikTok_followers_daily,Q1_2024,191,missing_observation_in_expected_window
TikTok_followers_daily,Q1_2025,48,missing_observation_in_expected_window
TikTok_followers_daily,Q2_2024,60,missing_observation_in_expected_window
TikTok_followers_daily,Q2_2025,47,missing_observation_in_expected_window
TikTok_followers_daily,Q3_2024,55,missing_observation_in_expected_window
TikTok_followers_daily,Q3_2025,70,missing_observation_in_expected_window
TikTok_followers_daily,Q4_2024,53,missing_observation_in_expected_window
TikTok_followers_daily,Q4_2025,63,missing_observation_in_expected_window
TikTok_likes_daily,Q1_2024,190,missing_observation_in_expected_window
TikTok_likes_daily,Q1_2025,48,missing_observation_in_expected_window
TikTok_likes_daily,Q2_2024,68,missing_observation_in_expected_window
TikTok_likes_daily,Q2_2025,47,missing_observation_in_expected_window
TikTok_likes_daily,Q3_2024,53,missing_observation_in_expected_window
TikTok_likes_daily,Q3_2025,62,missing_observation_in_expected_window
TikTok_likes_daily,Q4_2024,51,missing_observation_in_expected_window
TikTok_likes_daily,Q4_2025,53,missing_observation_in_expected_window
Twitter_followers_daily,Q1_2024,208,missing_observation_in_expected_window
Twitter_followers_daily,Q1_2025,1016,missing_observation_in_expected_window
Twitter_followers_daily,Q2_2024,705,missing_observation_in_expected_window
Twitter_followers_daily,Q2_2025,1112,missing_observation_in_expected_window
Twitter_followers_daily,Q3_2024,1086,missing_observation_in_expected_window
Twitter_followers_daily,Q3_2025,1176,missing_observation_in_expected_window
Twitter_followers_daily,Q4_2024,1004,missing_observation_in_expected_window
Twitter_followers_daily,Q4_2025,216,missing_observation_in_expected_window
Where_People_Listen,Q1_2024,131,missing_observation_in_expected_window
Where_People_Listen,Q1_2025,131,missing_observation_in_expected_window
Where_People_Listen,Q2_2024,131,missing_observation_in_expected_window
Where_People_Listen,Q2_2025,131,missing_observation_in_expected_window
Where_People_Listen,Q3_2024,131,missing_observation_in_expected_window
Where_People_Listen,Q3_2025,131,missing_observation_in_expected_window
Where_People_Listen,Q4_2024,131,missing_observation_in_expected_window
Where_People_Listen,Q4_2025,130,missing_observation_in_expected_window
Wikipedia_views_daily,Q1_2024,58,missing_observation_in_expected_window
Wikipedia_views_daily,Q1_2025,61,missing_observation_in_expected_window
Wikipedia_views_daily,Q2_2024,78,missing_observation_in_expected_window
Wikipedia_views_daily,Q2_2025,56,missing_observation_in_expected_window
Wikipedia_views_daily,Q3_2024,72,missing_observation_in_expected_window
Wikipedia_views_daily,Q3_2025,83,missing_observation_in_expected_window
Wikipedia_views_daily,Q4_2024,89,missing_observation_in_expected_window
Wikipedia_views_daily,Q4_2025,72,missing_observation_in_expected_window
YouTube_subscribers_daily,Q1_2024,243,missing_observation_in_expected_window
YouTube_subscribers_daily,Q1_2025,15,missing_observation_in_expected_window
YouTube_subscribers_daily,Q2_2024,28,missing_observation_in_expected_window
YouTube_subscribers_daily,Q2_2025,15,missing_observation_in_expected_window
YouTube_subscribers_daily,Q3_2024,18,missing_observation_in_expected_window
YouTube_subscribers_daily,Q3_2025,23,missing_observation_in_expected_window
YouTube_subscribers_daily,Q4_2024,16,missing_observation_in_expected_window
YouTube_subscribers_daily,Q4_2025,19,missing_observation_in_expected_window
